msgID,category,from_utc,to_utc,msgText
,Daily Memo,,,"To receive Broadcast Warning messages via email, go to
msi.nga.mil and click on the 'NAVIGATION WARNINGS' button
under the 'Subscription Services' section.
The In-Force Navigational Warnings obtained via this
service and the availability of Navigational Warnings
via alternate NGA subscription services does not relieve
Masters / Captains of the requirement to receive
Navigational Warnings through IMO approved broadcast
services in accordance with the provisions of the
International Convention for the Safety of Life at
Sea (SOLAS). This information is provided as a
supplement to those approved services."
,Daily Memo,,,"150802Z SEP 26
NAVAREA IV 897/26.
GULF OF AMERICA.
YUCATAN CHANNEL.
TEXAS.
1. HAZARDOUS OPERATIONS, ROCKET LAUNCHING 
   221215Z TO 221414Z SEP, ALTERNATE 
   1215Z TO 1414Z DAILY 23 THRU 28 SEP
   IN AREAS BOUND BY:
   A. 25-58.00N 097-13.00W, 26-02.00N 097-13.00W,
      26-04.00N 097-10.00W, 26-04.00N 097-04.00W,
      26-04.00N 096-49.00W, 26-01.00N 096-17.00W,
      26-01.00N 095-12.00W, 25-59.00N 094-36.00W,
      25-59.00N 094-05.00W, 25-25.00N 093-06.00W,
      25-31.00N 091-46.00W, 23-32.00N 088-52.00W,
      23-04.00N 088-33.00W, 22-03.00N 086-24.00W,
      21-38.00N 084-59.00W, 20-59.00N 082-38.00W,
      20-43.00N 081-42.00W, 20-07.00N 079-44.00W,
      19-46.00N 078-47.00W, 19-23.00N 078-04.00W,
      19-19.00N 078-18.00W, 19-34.00N 079-19.00W,
      19-44.00N 079-44.00W, 20-12.00N 081-13.00W,
      20-43.00N 083-13.00W, 21-06.00N 084-54.00W,
      21-43.00N 086-42.00W, 21-59.00N 087-26.00W,
      22-39.00N 089-10.00W, 22-45.00N 089-41.00W,
      22-58.00N 092-36.00W, 24-18.00N 095-02.00W,
      25-38.00N 096-49.00W, 25-48.00N 097-05.00W.
   B. 25-12.00N 092-58.00W, 25-31.00N 093-52.00W,
      25-42.00N 095-24.00W, 26-02.00N 096-32.00W,
      26-04.00N 096-49.00W, 26-04.00N 097-04.00W,
      26-04.00N 097-10.00W, 26-02.00N 097-13.00W,
      25-58.00N 097-13.00W, 25-48.00N 097-05.00W,
      25-41.00N 096-47.00W, 25-02.00N 095-05.00W,
      24-29.00N 094-08.00W, 24-20.00N 093-32.00W,
      24-25.00N 092-52.00W, 24-45.00N 092-43.00W.
2. CANCEL THIS MSG 281514Z SEP 26."
,Daily Memo,,,"161930Z SEP 26
NAVAREA IV 896/26.
1. NORTH AMERICAN ICE SERVICE (NAIS)
   ICEBERG BULLETIN 170001Z SEP.
2. ICEBERG LIMIT ALONG TRACKLINE JOINING
   49-30N 055-10W, 54-15N 051-00W,
   60-00N 057-30W.
3. ESTIMATED ICEBERG LIMIT ALONG
   TRACKLINE JOINING
   60-00N 057-30W, 61-25N 054-35W,
   58-50N 046-10W, 58-55N 042-25W,
   62-40N 038-40W, 63-40N 027-25W.
4. WESTERN ICEBERG LIMIT ALONG TRACKLINE
   JOINING
   51-52N 056-05W, 51-36N 055-54W.
5. MOST RECENT RECONNAISSANCE:
   EASTERN LIMIT SATELLITE PASS 16 SEP 26.
6. REPORT POSITION AND TIME OF ANY ICEBERGS
   SEA ICE OR STATIONARY RADAR TARGETS THAT
   MAY LIKELY BE ICE TO THE NEAREST CANADIAN
   COAST GUARD MARINE COMMUNICATIONS AND
   TRAFFIC SERVICE STATION OR
   USING INMARSAT CODE 42.
7. FOR MORE REPORTING INFORMATION OR TO
   DOWNLOAD SHAPEFILES AND WEEKLY PREDICTIONS,
   GO TO WWW.NAVCEN.USCG.GOV/INTERNATIONAL-ICE-PATROL.
8. CANCEL THIS MSG 180001Z SEP 26."
,Daily Memo,,,"160800Z SEP 26
NAVAREA IV 893/26.
CARIBBEAN SEA.
COLOMBIA.
1. NAVAL OPERATIONS 170400Z TO 190100Z SEP
   IN AREA BOUND BY
   10-23.25N 075-32.93W, 10-22.75N 075-32.93W,
   10-22.75N 075-33.43W, 10-23.25N 075-33.43W.
2. CANCEL NAVAREA IV 882/26.
3. CANCEL THIS MSG 190200Z SEP 26."
,Daily Memo,,,"160038Z SEP 26
NAVAREA IV 892/26.
CARIBBEAN SEA.
PANAMA.
SEVEN METER VESSEL, WHITE HULL WITH BLUE
STRIPE, THREE PERSONS ON BOARD. SEARCH AND
RESCUE OPERATIONS IN PROGRESS IN VICINITY
09-21.68N 080-54.84W. VESSELS IN VICINITY
REQUESTED TO KEEP A SHARP LOOKOUT, ASSIST
IF POSSIBLE, REPORTS TO ANY COASTAL RADIO STATION."
,Daily Memo,,,"142243Z SEP 26
NAVAREA IV 889/26.
NORTH ATLANTIC.
TRINIDAD AND TOBAGO.
1. SURVEY OPERATIONS IN PROGRESS UNTIL
   180700Z SEP BY M/V OCEAN INTERVENTION II
   ALONG TRACKLINE JOINING
   10-06.23N 060-17.47W, 10-04.98N 060-16.47W,
   10-04.94N 060-13.63W, 10-06.60N 060-15.44W.
   500 METER BERTH REQUESTED.
2. CANCEL THIS MSG 180800Z SEP 26."
,Daily Memo,,,"111709Z SEP 26
NAVAREA IV 878/26
CARIBBEAN SEA.
VENEZUELA.
CABO NEGRO LIGHT IN 11-10.46N 063-53.05W.
ESTABLISHED, FL W 5S 69 METERS 11 MILES."
,Daily Memo,,,"111656Z SEP 26
NAVAREA IV 877/26
NORTH ATLANTIC.
TRINIDAD AND TOBAGO.
1. PIPELINE OPERATIONS IN PROGRESS UNTIL
   222200Z OCT BY TUG CARIB SUN AND BARGE PTM 506
   ALONG TRACKLINE JOINING
   10-06.83N 060-49.74W, 10-10.62N 060-39.87W,
   10-10.66N 060-39.86W, 10-20.72N 060-40.74W,
   10-19.97N 060-41.00W, 10-20.00N 060-41.53W.
   500 YARD BERTH REQUESTED.
2. CANCEL THIS MSG 222200Z OCT 26."
,Daily Memo,,,"111546Z SEP 26
NAVAREA IV 876/26.
1. NAVAREA IV WARNINGS IN FORCE AS OF 111546Z SEP.  
   ALL THE INFORCE WARNINGS ARE LISTED HERE.
   875/2026, 873/2026, 872/2026, 871/2026, 870/2026,
   868/2026, 865/2026, 862/2026, 861/2026, 859/2026,
   857/2026, 855/2026, 852/2026, 851/2026, 845/2026,
   842/2026, 832/2026, 831/2026, 822/2026, 817/2026,
   799/2026, 798/2026, 789/2026, 709/2026, 705/2026,
   684/2026, 682/2026, 670/2026, 662/2026, 658/2026,
   653/2026, 649/2026, 621/2026, 616/2026, 615/2026,
   601/2026, 587/2026, 586/2026, 556/2026, 552/2026,
   551/2026, 545/2026, 539/2026, 525/2026, 452/2026,
   451/2026, 413/2026, 345/2026, 306/2026, 222/2026,
   161/2026, 113/2026, 98/2026, 79/2026, 55/2026,
   53/2026, 7/2026.
   1431/2025, 1430/2025, 1413/2025, 1391/2025, 1292/2025,
   1282/2025, 1175/2025, 1174/2025, 1158/2025, 1114/2025,
   998/2025, 872/2025, 829/2025, 789/2025, 761/2025,
   693/2025, 671/2025, 667/2025, 663/2025, 650/2025,
   644/2025, 643/2025, 616/2025, 563/2025, 504/2025,
   466/2025, 354/2025, 312/2025, 311/2025, 190/2025,
   183/2025, 155/2025, 130/2025, 90/2025, 12/2025.
   1553/2024, 1524/2024, 1382/2024, 1125/2024, 797/2024,
   746/2024, 722/2024, 703/2024, 702/2024, 701/2024,
   437/2024, 325/2024, 214/2024, 151/2024, 12/2024.
   1404/2023, 1403/2023, 1377/2023, 873/2023, 356/2023,
   222/2023.
   748/2022, 441/2022, 439/2022, 367/2022, 227/2022,
   141/2022, 120/2022.
   1157/2021, 1003/2021, 778/2021, 278/2021, 277/2021,
   144/2021.
2. THE COMPLETE TEXT OF ALL IN-FORCE NAVAREA IV
   BROADCAST WARNINGS ARE AVAILABLE ON THE NGA
   MARITIME SAFETY INFORMATION WEBSITE AT:
   MSI.NGA.MIL/NAVWARNINGS.
   ALTERNATIVELY, THESE MAY BE REQUESTED BY E-MAIL
   FROM THE NAVAREA IV COORDINATOR AT NAVSAFETY@NGA.MIL.
3. CANCEL NAVAREA IV 853/26."
,Daily Memo,,,"101439Z SEP 26
NAVAREA IV 872/26.
1. NAVAREA IV MOBILE OFFSHORE DRILLING UNITS
   POSITIONS AT 101400Z SEP:
   A. AGOSTO 12 19-23.0N 092-03.1W.
   B. ARGOS PLATFORM 27-10.4N 090-22.0W.
   C. ATLANTIS 19-23.9N 092-02.3W.
   D. AUGER TLP 27-32.7N 092-26.6W.
   E. BLUE EAGLE 18-28.6N 094-01.9W.
   F. (NEW POSITION) BORR RAN
      18-20.4N 093-53.6W.
   G. BP ATLANTIS PLATFORM 27-11.7N 090-01.6W.
   H. CENTENARIO GR 21-07.7N 097-08.1W.
   I. CHIHUAHUA 19-39.7N 090-44.4W.
   J. CME I 19-34.6N 092-02.7W.
   K. CME II 18-34.4N 092-46.2W.
   L. (NEW POSITION) COATZACOALCOS
      18-14.0N 094-12.9W.
   M. CPOC MAGNOLIA 27-12.2N 092-12.2W.
   N. DEEPWATER ASGARD 27-21.5N 090-44.6W.
   O. (NEW POSITION) DEEPWATER ATLAS
      26-40.1N 091-33.5W.
   P. DEEPWATER CONQUEROR 26-17.8N 091-05.6W.
   Q. DEEPWATER INVICTUS 26-42.4N 092-38.5W.
   R. DEEPWATER PONTUS 28-30.9N 088-08.7W.
   S. (NEW POSITION) DEEPWATER POSEIDON
      26-10.5N 094-46.4W.
   T. (NEW POSITION) DEEPWATER PROTEUS
      26-31.2N 090-31.8W.
   U. DEEPWATER THALASSA 25-45.0N 095-24.3W.
   V. DEEPWATER TITAN 27-09.1N 091-12.7W.
   W. DEFENDER 18-28.6N 094-01.9W.
   X. DEVELOPMENT DRILLER III 10-38.5N 061-39.0W.
   Y. ERREA WITTU 08-00.3N 056-50.4W.
   Z. ESSAR WILDCAT 18-51.5N 091-45.7W.
   AA. FRIDA I 19-36.1N 092-31.6W.
   AB. GALAR 22-16.1N 097-28.3W.
   AC. GERSEMI 19-02.5N 092-14.8W.
   AD. GULF DRILLER VI 19-23.1N 092-20.8W.
   AE. GULF DRILLER VIII 18-29.9N 094-00.4W.
   AF. H&P RIG 205 26-06.8N 094-53.2W.
   AG. (NEW POSITION) HELIX Q4000
       27-20.0N 090-36.0W.
   AH. (NEW POSITION) HELIX Q5000
       26-12.5N 091-26.6W.
   AI. HILD 19-02.6N 092-26.6W.
   AJ. INDEPENDENCIA 1 19-17.9N 091-51.2W.
   AK. (NEW RIG) INDEPENDENCIA 2
       12-23.2N 070-08.5W.
   AL. IOLAIR 19-30.8N 092-09.1W.
   AM. JACK ST MALO 26-14.1N 091-15.7W.
   AN. (NEW POSITION) JOE DOUGLAS
       09-59.9N 060-31.9W.
   AO. KUKULKAN 18-16.4N 094-03.6W.
   AP. LA COVADONGA 19-18.1N 092-10.0W.
   AQ. LA SANTA MARIA 18-36.8N 093-17.7W.
   AR. LIZA DESTINY 08-00.7N 056-59.5W.
   AS. LIZA UNITY 08-00.6N 056-54.9W.
   AT. MAD DOG 27-11.3N 090-16.1W.
   AU. MAERSK DISCOVERER 11-38.9N 073-42.0W.
   AV. MARLIN TLP 29-06.5N 087-56.7W.
   AW. MARS TLP 28-10.4N 089-13.4W.
   AX. MIAMTE MV34 18-24.3N 093-46.2W.
   AY. NABARIMA 10-14.8N 062-09.0W.
   AZ. NFE PIONEER III 22-39.2N 097-40.8W.
   AAA. NJORD 18-30.4N 093-15.7W.
   AAB. (NEW POSITION) NOBLE BLACKHAWK
        27-13.4N 090-58.3W.
   AAC. NOBLE BLACKHORNET 27-13.5N 090-01.9W.
   AAD. NOBLE BLACKLION 27-08.8N 090-19.1W.
   AAE. NOBLE BLACKRHINO 28-53.6N 090-07.1W.
   AAF. NOBLE BOB DOUGLAS 08-00.1N 056-42.7W.
   AAG. (NEW POSITION) NOBLE DEVELOPER
        07-16.7N 055-47.1W.
   AAH. (NEW POSITION) NOBLE DON TAYLOR
        07-54.9N 056-39.9W.
   AAI. (NEW POSITION) NOBLE SAM CROFT
        07-59.9N 056-42.6W.
   AAJ. (NEW POSITION) NOBLE STANLEY LAFOSSE
        27-29.6N 090-03.5W.
   AAK. (NEW POSITION) NOBLE TOM MADDEN
        07-52.2N 056-39.4W.
   AAL. NOBLE VOYAGER 28-52.7N 090-08.9W.
   AAM. OLYMPUS N88 28-09.6N 089-12.8W.
   AAN. ONE GUYANA 07-57.4N 056-43.0W.
   AAO. PAPALOAPAN 19-25.1N 092-03.1W.
   AAP. PERRO NEGRO 10 18-20.2N 093-52.2W.
   AAQ. PIONEER 26-41.7N 090-30.6W.
   AAR. PROSPERITY 08-11.7N 057-00.2W.
   AAS. SANDUNGA 19-31.0N 091-59.0W.
   AAT. SEAROSE FPSO 46-47.2N 048-00.8W.
   AAU. SEVAN LOUISIANA 28-50.8N 090-05.3W.
   AAV. SHELL WHALE 26-13.4N 094-40.4W.
   AAW. STENA CARRON 08-53.1N 057-19.7W.
   AAX. STENA EVOLUTION 27-02.4N 092-14.6W.
   AAY. (NEW RIG) TABASCO 19-35.5N 092-16.3W.
   AAZ. TAHITI SPAR 27-19.6N 090-42.9W.
   AAAA. TERRA NOVA 46-28.3N 048-27.9W.
   AAAB. THUNDER HORSE PDQ 28-11.4N 088-29.7W.
   AAAC. TUXPAN 18-45.8N 091-45.7W.
   AAAD. UXPANAPA 18-32.4N 093-17.7W.
   AAAE. VALARIS DS-16 27-23.5N 090-15.7W.
   AAAF. (NEW POSITION) VALARIS GORILLA VII
         10-09.6N 060-45.7W.
   AAAG. VITO FPU 28-01.5N 089-12.6W.
   AAAH. (NEW POSITION) WEST COURAGEOUS
         19-10.3N 092-25.7W.
   AAAI. (NEW POSITION) WEST INTREPID
         18-54.4N 091-50.5W.
   AAAJ. (NEW POSITION) WEST NEPTUNE
         26-14.5N 092-22.7W.
   AAAK. (NEW POSITION) WEST VELA
         28-47.5N 090-06.3W.
   AAAL. WFD 400 28-41.0N 090-08.9W.
   AAAM. YUNUEN 19-32.4N 092-10.5W.
   AAAN. YUUM K'AK' NAAB 19-36.7N 092-17.9W.
2. TO REPORT A MOBILE OFFSHORE DRILLING UNIT AS
   PER IMO RESOLUTION A.1023(26), PARAGRAPH 11.5.1,
   CONTACT NAVSAFETY@NGA.MIL SUBJ: MODU REPORT.
3. CANCEL NAVAREA IV 848/26."
,Daily Memo,,,"101359Z SEP 26
NAVAREA IV 871/26.
NORTH ATLANTIC.
TURKS AND CAICOS ISLANDS.
1. UNDERWATER OPERATIONS 13 SEP THRU 03 OCT
   BY CABLESHIP IT INTREPID IN VICINITY OF
   23-17.56N 071-18.47W.
   TWO MILE BERTH REQUESTED.
2. CANCEL THIS MSG 040001Z OCT 26."
,Daily Memo,,,"021815Z SEP 26
NAVAREA IV 870/26.
NORTH ATLANTIC.
FRENCH GUIANA.
1. HAZARDOUS OPERATIONS, SPACE DEBRIS
   0111Z TO 0151Z DAILY 15 SEP THRU 15 OCT
   IN AREA BOUND BY
   05-48.00N 052-54.00W, 05-50.55N 052-26.40W,
   05-12.60N 052-40.98W, 05-23.46N 052-53.80W.
2. CANCEL THIS MSG 150251Z OCT 26."
,Daily Memo,,,"071833Z SEP 26
NAVAREA IV 859/26.
CARIBBEAN SEA.
COLOMBIA.
ISLA FUERTE LIGHT 09-23.45N 076-10.68W UNLIT."
,Daily Memo,,,"061639Z SEP 26
NAVAREA IV 857/26.
WESTERN NORTH ATLANTIC.
FLORIDA.
1. NAVTEX STATION MIAMI (A) 25-30.00N 080-23.00W 
   INOPERATIVE.  
2. CANCEL NAVAREA IV 802/26."
,Daily Memo,,,"041628Z SEP 26
NAVAREA IV 852/26.
CARIBBEAN SEA.
GUADELOUPE.
ILET GOSIER LIGHTHOUSE 16-11.91N 061-29.45W AT 
REDUCED INTENSITY."
,Daily Memo,,,"310320Z AUG 26
NAVAREA IV 842/26.
CARIBBEAN SEA.
DERELICT M/V UNLIT AND ANCHORED 
IN 15-54.77N 078-41.81W."
,Daily Memo,,,"271037Z AUG 26
NAVAREA IV 832/26.
NORTH ATLANTIC.
TRINIDAD AND TOBAGO.
1. UNDERWATER OPERATIONS IN PROGRESS UNTIL
   052200Z DEC BY M/V SEVEN SEAS
   IN 10-06.05N 060-17.51W.
   500 METER BERTH REQUESTED.
2. CANCEL THIS MSG 052300Z DEC 26."
,Daily Memo,,,"132120Z AUG 26
NAVAREA IV 831/26.
NORTH ATLANTIC.
GUYANA.
1. SURVEY OPERATIONS 01 SEP THRU 20 NOV 26
   BY M/V HOS RIDGEWIND IN AREA BOUND BY
   07-44.74N 056-13.99W, 07-40.04N 056-14.93W,
   07-30.01N 056-19.19W, 07-30.02N 056-25.05W,
   07-34.99N 056-25.04W, 07-35.00N 056-34.99W,
   07-29.98N 056-35.00W, 07-29.99N 056-45.10W,
   07-59.88N 056-45.09W, 07-59.86N 056-24.90W,
   07-49.98N 056-24.92W, 07-49.98N 056-20.10W,
   07-44.75N 056-20.10W.
   WIDE BERTH REQUESTED.
2. CANCEL THIS MSG 210001Z NOV 26."
,Daily Memo,,,"241603Z AUG 26
NAVAREA IV 822/26.
NORTH ATLANTIC.
SURINAME.
1. SURVEY OPERATIONS UNTIL 01 DEC
   BY M/V GENESIS IN AREA BOUND BY
   07-15.96N 055-45.64W, 07-17.89N 055-45.22W,
   07-17.53N 055-40.93W, 07-15.39N 055-30.26W,
   07-10.29N 055-39.71W, 07-12.85N 055-43.10W.
   ONE MILE BERTH REQUESTED.
2. CANCEL THIS MSG 020001Z DEC 26."
,Daily Memo,,,"222350Z AUG 26
NAVAREA IV 817/26.
GULF OF AMERICA.
LOUISIANA.
1. SURVEY OPERATIONS IN PROGRESS UNTIL 31 DEC
   BY M/V ISLAND FRONTIER WITH M/V REM ANDES AND 
   M/V SANCO SWORD EACH TOWING 400 METER LONG CABLES
   IN AREA BOUND BY
   27-54.83N 092-06.05W, 27-52.85N 089-52.06W,
   26-24.29N 089-54.51W, 26-26.11N 089-54.51W.
   WIDE BERTH REQUESTED.
2. CANCEL NAVAREA IV 762/26.
3. CANCEL THIS MSG 010001Z JAN 27."
,Daily Memo,,,"181434Z AUG 26
NAVAREA IV 799/26.
NORTH ATLANTIC.
DELAWARE.
1. UNDERWATER OPERATIONS 30800Z AUG 
   TO 180800Z SEP BY M/V ATLANTIS IN AREA
   WITHIN TEN MILES OF 37-32.00N 074-14.00W.
   WIDE BERTH REQUESTED.
2. CANCEL THIS MSG 180900Z SEP 26."
,Daily Memo,,,"172107Z AUG 26
NAVAREA IV 798/26.
CARIBBEAN SEA.
VENEZUELA.
GUARANAO LIGHT 11-40.00N 070-12.80W UNLIT."
,Daily Memo,,,"211951Z JUL 26
NAVAREA IV 709/26.
NORTH ATLANTIC.
GUYANA.
M/V BARIMA SANK IN 07-28.23N 058-23.40W."
,Daily Memo,,,"202016Z JUL 26
NAVAREA IV 705/26.
NORTH ATLANTIC.
GUYANA.
1. SURVEY OPERATIONS IN PROGRESS UNTIL 31 DEC
   BY VESSEL AHT DN87 AND TUG TELESTO
   IN AREA BOUND BY
   07-03.06N 057-57.60W, 07-02.68N 057-57.22W,
   06-49.95N 058-09.90W, 06-49.04N 058-10.21W,
   06-49.15N 058-10.75W, 06-50.13N 058-10.41W,
   06-50.34N 058-10.28W.
   WIDE BERTH REQUESTED.
2. CANCEL NAVAREA IV 99/26.
3. CANCEL THIS MSG 010001Z JAN 27."
,Daily Memo,,,"131904Z JUL 26
NAVAREA IV 684/26.
HUDSON STRAIT.
CANADA.
MCTS IQALUIT REMOTE STATION KILLENEK
60-25.45N 064-50.50W HF R/T, MF BROADCAST
AND MF R/T SERVICES OFF AIR."
,Daily Memo,,,"131529Z JUL 26
NAVAREA IV 682/26.
HUDSON BAY.
CANADA.
MCTS IQALUIT REMOTE STATION CORAL HARBOUR
64-09.00N 083-22.00W MF AND HF SERVICES OFF AIR."
,Daily Memo,,,"091509Z JUL 26
NAVAREA IV 670/26.
NORTH ATLANTIC.
TRINIDAD AND TOBAGO.
GALEOTA POINT LIGHT 10-08.30N 060-59.50W UNLIT."
,Daily Memo,,,"070131Z JUL 26
NAVAREA IV 662/26.
NORTH ATLANTIC.
LOUISIANA.
USCG REMOTE COMMUNICATION FACILITY NEW ORLEANS 
29-53.00N 089-57.00W MF AND HF DSC OFF AIR."
,Daily Memo,,,"050125Z JUL 26
NAVAREA IV 658/26.
NORTH ATLANTIC.
GUYANA.
1. PIPELINE OPERATIONS IN PROGRESS UNTIL 31 DEC
   BY M/V SAIPEM CONSTELLATION IN AREA BOUND BY
   08-07.37N 056-57.90W, 08-07.37N 056-47.30W,
   07-56.63N 056-47.30W, 07-56.63N 056-57.90W.
   WIDE BERTH REQUESTED.
2. CANCEL THIS MSG 010001Z JAN 27."
,Daily Memo,,,"030020Z JUL 26
NAVAREA IV 653/26.
NORTH ATLANTIC.
BROADCAST AND COMMUNICATION SERVICES
UNRELIABLE AT USCG REMOTE COMMUNICATION
FACILITIES:
   A. BOSTON 41-43.00N 070-31.00W.
   B. CHESAPEAKE 36-44.00N 076-01.00W.
   C. CHARLESTON 32-08.00N 081-42.00W.
   D. MIAMI 25-30.00N 080-23.00W.
   E. NEW ORLEANS 29-53.00N 089-57.00W.
   F. SAN JUAN 18-27.00N 066-06.00W."
,Daily Memo,,,"021551Z JUL 26
NAVAREA IV 649/26
CARIBBEAN SEA.
TRINIDAD AND TOBAGO.
1. PIPELINE OPERATIONS IN PROGRESS UNTIL
   201000Z OCT BY M/V DLV 2000
   ALONG TRACKLINE JOINING
   10-03.73N 061-00.62W, 10-03.65N 060-57.67W,
   09-52.32N 060-28.13W, 09-54.29N 060-17.43W,
   09-57.88N 060-13.71W, 09-55.71N 060-08.78W.
   500 METER BERTH REQUESTED.
2. CANCEL THIS MSG 201100Z OCT 26."
,Daily Memo,,,"241547Z JUN 26
NAVAREA IV 621/26.
NORTH ATLANTIC.
GUYANA.
1. UNDERWATER OPERATIONS IN PROGRESS UNTIL
   31 DEC BY M/V PRINSENGRACHT IN AREA BOUND BY
   08-03.09N 056-46.88W, 08-03.09N 056-43.66W,
   07-56.57N 056-38.77W, 07-51.15N 056-38.77W,
   07-51.15N 056-46.94W, 07-56.58N 056-43.67W.
   WIDE BERTH REQUESTED.
2. CANCEL THIS MSG 010001Z JAN 27."
,Daily Memo,,,"231953Z JUN 26
NAVAREA IV 616/26.
NORTH ATLANTIC.
GUYANA.
1. SURVEY OPERATIONS IN PROGRESS UNTIL 15 NOV
   BY M/V MOONRISE G IN AREA BOUND BY
   07-50.19N 058-24.50W, 07-50.01N 057-29.99W,
   07-15.21N 057-13.52W, 07-15.21N 057-32.07W,
   07-19.72N 057-34.21W, 07-20.04N 058-13.41W,
   07-37.60N 058-20.00W, 07-40.76N 058-20.00W.
   WIDE BERTH REQUESTED.
2. CANCEL NAVAREA IV 473/26.
3. CANCEL THIS MSG 160001Z NOV 26."
,Daily Memo,,,"231913Z JUN 26
NAVAREA IV 615/26.
NORTH ATLANTIC.
GUYANA.
1. SURVEY OPERATIONS IN PROGRESS UNTIL 15 NOV
   BY M/V BGP PROSPECTOR IN AREA BOUND BY
   07-50.19N 058-24.50W, 07-50.01N 057-29.99W,
   07-15.21N 057-13.52W, 07-15.21N 057-32.07W,
   07-19.72N 057-34.21W, 07-20.04N 058-13.41W,
   07-37.60N 058-20.00W, 07-40.76N 058-20.00W.
   WIDE BERTH REQUESTED.
2. CANCEL NAVAREA IV 475/26.
3. CANCEL THIS MSG 160001Z NOV 26.
181853Z JUN 26
NAVAREA IV 601/26.
CARIBBEAN SEA.
TRINIDAD AND TOBAGO.
1. TAPARO POINT LIGHT IN 10-03.53N 061-37.55W UNLIT.
2. CANCEL NAVAREA IV 1404/25."
,Daily Memo,,,"151549Z JUN 26
NAVAREA IV 586/26.
NORTH ATLANTIC.
GUYANA.
1. UNDERWATER OPERATIONS IN PROGRESS UNTIL
   31 DEC BY VESSEL OCV NORMAND NAVIGATOR 
   IN AREA BOUND BY
   08-00.65N 056-44.58W, 08-00.65N 056-40.12W,
   07-54.87N 056-40.12W, 07-54.87N 056-44.58W.
   WIDE BERTH REQUESTED.
2. CANCEL THIS MSG 010001Z JAN 27."
,Daily Memo,,,"102039Z JUN 26
NAVAREA IV 556/26.
CARIBBEAN SEA.
COLOMBIA.
PUERTO BOLIVAR FRONT RANGE LIGHT
12-15.30N 071-57.50W UNLIT."
,Daily Memo,,,"092047Z JUN 26
NAVAREA IV 552/26.
1. SURVEY OPERATIONS IN PROGRESS UNTIL 16 NOV
   BY M/V SEAQUEST IN AREA BOUND BY
   07-57.54N 058-27.64W, 07-57.95N 057-57.95W,
   07-57.54N 057-51.01W, 07-11.93N 057-33.86W,
   07-11.51N 058-09.64W, 07-57.54N 058-27.64W.
   WIDE BERTH REQUESTED.
2. CANCEL NAVAREA IV 537/26.
3. CANCEL THIS MSG 170001Z NOV 26."
,Daily Memo,,,"092015Z JUN 26
NAVAREA IV 551/26.
1. SURVEY OPERATIONS IN PROGRESS 
   UNTIL 16 NOV BY M/V SEA HORSE II
   IN AREA BOUND BY
   07-57.54N 058-27.64W, 07-57.95N 057-51.01W,
   07-57.54N 057-51.01W, 07-11.93N 057-33.86W,
   07-11.51N 058-09.64W, 07-57.54N 058-27.64W.
   WIDE BERTH REQUESTED.
2. CANCEL NAVAREA IV 536/26.
3. CANCEL THIS MSG 170001Z NOV 26."
,Daily Memo,,,"062126Z JUN 26
NAVAREA IV 545/26
LM BUOY 09-25.99N 079-49.78W
MISSING."
,Daily Memo,,,"052107Z JUN 26
NAVAREA IV 539/26. 
NORTH ATLANTIC. 
GUYANA.
1. UNDERWATER OPERATIONS IN PROGRESS UNTIL 31 DEC
   BY M/V C-WORKER 1 IN AREA BOUND BY
   07-54.85N 057-06.47W, 08-04.55N 057-06.47W,
   08-04.55N 056-50.16W, 07-54.85N 056-50.16W.
   WIDE BERTH REQUESTED.
2. CANCEL THIS MSG 010001Z JAN 27."
,Daily Memo,,,"022008Z JUN 26
NAVAREA IV 525/26
NORTH ATLANTIC.
BAHAMAS.
1. OBSTRUCTION, 20 METERS BELOW SURFACE,
   IN 24-50.93N 077-48.83W UNTIL 30 NOV
2. CANCEL THIS MSG 010001Z DEC 26."
,Daily Memo,,,"150721Z MAY 26
NAVAREA IV 452/26.
CARIBBEAN SEA.
VENEZUELA.
PUNTA PERRET LIGHT 11-47.68N 071-20.37W UNLIT.
150712Z MAY 26
NAVAREA IV 451/26.
CARIBBEAN SEA.
VENEZUELA.
PUNTA PALANQUETE LIGHT 10-49.90N 064-12.60W
UNLIT.
041356Z MAY 26
NAVAREA IV 413/26.
CARIBBEAN SEA.
TRINIDAD AND TOBAGO.
1. BRIGAND HILL LIGHT 10-29.61N 061-04.20W
   CHANGED TO FL (5) W 20 SEC 217 METERS 17 MILES.
2. CANCEL NAVAREA IV 406/26.
130037Z APR 26
NAVAREA IV 345/26.
CARIBBEAN SEA.
COLOMBIA.
M/V ROSWAL SANK IN 08-40.88N 076-50.00W.
021409Z APR 26
NAVAREA IV 306/26.
WESTERN NORTH ATLANTIC.
CUBA.
CARAPACHIBEY LIGHT 021-26.90N 082-55.40W UNLIT. 
102115Z MAR 26
NAVAREA IV 222/26(24).
NORTH ATLANTIC.
GUYANA.
BARGE TRADER III SANK IN 06-53.77N 057-53.43W."
,Daily Memo,,,"202131Z FEB 26
NAVAREA IV 161/26(24).
CARIBBEAN SEA.
TRINIDAD AND TOBAGO.
1. CHUPARA POINT LIGHT, 10-48.72N 061-21.86W.
   UNLIT.
2. CANCEL NAVAREA IV 1008/25(24)."
,Daily Memo,,,"061649Z FEB 26
NAVAREA IV 113/26(26).
CARIBBEAN SEA.
PANAMA.
MANZANILLO ENTRANCE WEST HEAD LIGHT
09-22.90N 079-53.90W DAMAGED."
,Daily Memo,,,"031715Z FEB 26
NAVAREA IV 98/26(24).
NORTH ATLANTIC.
GUYANA.
1. SURVEY OPERATIONS IN PROGRESS UNTIL 31 DEC 26
   BY M/V FUGRO BRASILIS IN AREA BOUND BY:
   08-00.00N 057-09.90W, 08-00.00N 056-28.70W,
   07-41.00N 056-28.70W, 07-41.10N 057-09.90W.
   WIDE BERTH REQUESTED.
2. CANCEL THIS MSG 010001Z JAN 27."
,Daily Memo,,,"270107Z JAN 26
NAVAREA IV 79/26(24).
CARIBBEAN SEA.
TRINIDAD AND TOBAGO.
GRAN CHEMIN LIGHT 10-05.27N 061-16.77W UNLIT."
,Daily Memo,,,"200251Z JAN 26
NAVAREA IV 55/26(26).
NORTH ATLANTIC.
CUBA.
PUNTA BARLOVENTO LIGHT 20-43.20N 075-19.15W
RANGE CHANGED TO 14 MILES."
,Daily Memo,,,"200113Z JAN 26
NAVAREA IV 53/26(28).
GULF OF AMERICA.
MEXICO.
DANGEROUS WRECK IN 25-14.24N 097-07.72W."
,Daily Memo,,,"022229Z JAN 26
NAVAREA IV 7/26(24).
NORTH ATLANTIC.
1. PIPELINE OPERATIONS IN PROGRESS THRU 31 DEC 26
   BY THE FOLLOWING VESSELS: C-CONFIDENCE, C- INSTALLER,
   CLARENCE TRICHE, GUYANA HERO, HORN ISLAND, MADAM KALINA
   PARADISE ISLAND, RUSSELL ADAMS, SANIBEL ISLAND, TED SMITH,
   WINE ISLAND, RUSSELL BOUZIGA, AâRINRA                                       
   IN AREAS BOUND BY:
   A. 08-00.66N 056-44.58W, 08-00.66N 056-40.12W,
      07-54.87N 056-40.12W, 07-54.87N 056-44.58W.
   B. 08-15.96N 057-02.23W, 08-15.96N 056-54.25W,
      07-58.60N 056-54.25W, 07-58.60N 057-02.23W.
   C. 08-06.94N 056-49.93W, 08-06.94N 056-46.61W,
      07-58.94N 056-46.61W, 07-58.94N 056-49.93W.
   D. 08-03.09N 056-46.93W, 08-03.09N 056-43.66W,
      07-56.58N 056-43.67W, 07-56.57N 056-38.77W,
      07-51.15N 056-38.77W, 07-51.15N 056-46.94W.
2. WIDE BERTH REQUESTED.
3. CANCEL THIS MSG 010001Z JAN 27."
,Daily Memo,,,"311805Z DEC 25
NAVAREA IV 1431/25(24).
NORTH ATLANTIC.
GUYANA.
1. SURVEY OPERATIONS IN PROGRESS UNTIL 31 DEC 26
   BY VESSEL BOS PRINCESS IN AREA BOUND BY
   08-09.73N 057-09.73W, 08-09.73N 056-35.00W,
   08-09.73N 056-30.27W, 07-59.73N 056-30.27W,
   07-59.73N 056-25.27W, 07-49.73N 056-25.27W,
   07-49.73N 056-20.27W, 07-44.73N 056-20.27W,
   07-44.73N 056-14.32W, 07-40.08N 056-15.25W,
   07-30.27N 056-19.43W, 07-30.27N 056-24.73W,
   07-35.27N 056-24.73W, 07-35.27N 056-35.27W,
   07-30.27N 056-35.27W, 07-30.27N 056-44.73W,
   07-35.27N 056-44.73W, 07-35.27N 056-54.73W,
   07-40.27N 056-54.73W, 07-40.27N 057-09.73W,
   07-40.27N 057-09.73W, 08-05.00N 057-09.73W.
   WIDE BERTH REQUESTED.
2. CANCEL THIS MSG 010001Z JAN 27."
,Daily Memo,,,"311645Z DEC 25
NAVAREA IV 1430/25(24).
NORTH ATLANTIC.
1. UNDERWATER OPERATIONS IN PROGRESS UNTIL 31 DEC 26
   BY OSV ALDEMIR SOUZA TIDE IN AREA BOUND BY
   08-15.96N 057-02.23W, 08-15.96N 056-54.25W,
   07-58.60N 056-54.25W, 07-58.60N 057-02.23W.
   WIDE BERTH REQUESTED.
2. CANCEL THIS MSG 310001Z DEC 27."
,Daily Memo,,,"241815Z DEC 25
NAVAREA IV 1413/25(24).
NORTH ATLANTIC.
GUYANA.
TWO ODAS BUOYS ESTABLISHED IN VICINITY
06-57.93N 057-48.54W."
,Daily Memo,,,"172335Z DEC 25
NAVAREA IV 1391/25(24).
CARIBBEAN SEA.
VENEZUELA.
1. CAYO NOROESTE LIGHT 11-13.31N 068-26.28W UNLIT.
2. CANCEL NAVAREA IV 1387/25."
,Daily Memo,,,"212231Z NOV 25
NAVAREA IV 1292/25(15).
DAVIS STRAIT.
22 OCEAN BOTTOM MOORINGS DEPLOYED 
ONE METER ABOVE OCEAN FLOOR UNTIL 
FURTHER NOTICE, IN: 
A. 61-32.92N 059-23.18W 2230 METERS.
B. 61-20.01N 058-47.40W 2545 METERS.
C. 61-03.97N 058-12.11W 2733 METERS.
D. 60-51.41N 057-37.03W 2882 METERS.
E. 61-25.56N 059-50.90W 2053 METERS.
F. 61-15.38N 059-22.43W 2310 METERS.
G. 61-03.18N 058-55.91W 2519 METERS.
H. 60-53.82N 058-33.22W 2650 METERS.
I. 60-38.79N 058-04.73W 2678 METERS.
J. 61-09.01N 060-06.80W 2056 METERS.
K. 61-02.04N 059-32.47W 2335 METERS.
L. 60-49.16N 059-12.67W 2383 METERS.
M. 60-43.09N 058-43.89W 2442 METERS.
N. 60-50.62N 060-11.91W 1963 METERS.
O. 60-42.99N 059-40.96W 2093 METERS.
P. 60-35.80N 059-10.90W 2231 METERS.
Q. 60-28.94N 058-27.74W 2613 METERS.
R. 60-14.23N 057-51.33W 2772 METERS.
S. 60-35.36N 060-10.70W 1739 METERS.
T. 60-23.71N 059-36.23W 2257 METERS.
U. 60-18.96N 059-04.37W 2428 METERS.
V. 60-13.29N 058-33.87W 2635 METERS.
ANY INQUIRIES CAN BE DIRECTED TO GRAEME 
CAIRNS AT NFSI (GRAEME.CAIRNS@DAL.CA) OR
ALEXANDRE PLOURDE AT NRCAN 
(ALEXANDRE.PLOURDE@NRCAN-RNCAN.GC.CA)."
,Daily Memo,,,"191207Z NOV 25
NAVAREA IV 1282/25(25).
CARIBBEAN SEA.
GUADELOUPE.
LA DESIRADE LIGHT 16-20.00N 061-00.33W
UNLIT."
,Daily Memo,,,"311939Z OCT 25
NAVAREA IV 1175/25(24).
CARIBBEAN SEA.
VENEZUELA.
ROBLEDAL LIGHT 11-02.59N 064-22.63W UNLIT."
,Daily Memo,,,"311928Z OCT 25
NAVAREA IV 1174/25(24).
CARIBBEAN SEA.
VENEZUELA.
CABO NEGRO LIGHT 11-30.15N 069-33.34W UNLIT."
,Daily Memo,,,"272347Z OCT 25
NAVAREA IV 1158/25(24).
CARIBBEAN SEA.
VENEZUELA.
DANGEROUS WRECK IN 10-13.39N 064-42.22W."
,Daily Memo,,,"152249Z OCT 25
NAVAREA IV 1114/25(24).
CARIBBEAN SEA.
TRINIDAD AND TOBAGO.
1. CROWN POINT LIGHT 11-08.90N 060-50.70W
   UNLIT. 
2. CANCEL NAVAREA IV 834/25."
,Daily Memo,,,"191411Z SEP 25
NAVAREA IV 998/25(24).
CARIBBEAN SEA.
TRINIDAD AND TOBAGO.
UNMARKED SUBMERGED WELLHEAD 
IN 10-28.29N 061-33.83W."
,Daily Memo,,,"161717Z AUG 25
NAVAREA IV 872/25(25).
NORTH ATLANTIC.
DOMINICAN REPUBLIC.
DUE TO HURRICANE ERIN, LATERAL BUOYS REMOVED:
A. BUOY 1 19-10.61N 069-16.51W.
B. BUOY 2 19-09.04N 069-07.44W.
C. BUOY 4 19-10.35N 069-13.74W."
,Daily Memo,,,"080127Z AUG 25
NAVAREA IV 829/25(24).
CARIBBEAN SEA.
TRINIDAD AND TOBAGO.
CHACACHACARE LIGHT 10-41.81N 061-45.25W UNLIT."
,Daily Memo,,,"291532Z JUL 25
NAVAREA IV 789/25(24).
CARIBBEAN SEA.
VENEZUELA.
LA GUAIRA LIGHT 10-36.25N 066-56.71W ESTABLISHED."
,Daily Memo,,,"221148Z JUL 25
NAVAREA IV 761/25(24).
NORTH ATLANTIC.
SURINAME.
SAFEWATER BUOY LS 06-04.81N 055-12.82W
MISSING."
,Daily Memo,,,"032240Z JUL 25
NAVAREA IV 693/25(28).
GULF OF HONDURAS.
HONDURAS.
LIGHTS UNLIT:
A. PUNTA IZOPO 15-50.90N 087-22.50W.
B. PUMPKIN HILL 16-07.30N 086-52.90W.
C. COCHINO GRANDE 15-58.60N 086-28.60W.
D. CABO CAMARON 15-59.20N 085-01.70W.
E. PUNTA PATUCA 15-48.90N 084-18.20W.
F. CABO FALSO 15-15.20N 083-23.70W.
G. PUNTA CAXINAS 16-01.50N 086-00.60W.
H. PUNTA OESTE 16-16.10N 086-36.10W."
,Daily Memo,,,"252311Z JUN 25
NAVAREA IV 671/25(24).
CARIBBEAN SEA.
VENEZUELA.
PUNTA CHARAGATO LIGHT 10-50.48N 064-09.38W UNLIT."
,Daily Memo,,,"251300Z JUN 25
NAVAREA IV 667/25(25).
EASTERN CARIBBEAN SEA.
MARTINIQUE.
CARENAGE RANGE REAR LIGHT 14-36.32N 061-03.74W
CHANGED TO OC (2) G 50 METERS 9 MILES."
,Daily Memo,,,"240832Z JUN 25
NAVAREA IV 663/25(26).
WESTERN CARIBBEAN SEA.
PANAMA.
STARBOARD HAND 4 BUOY 09-23.52N 079-53.87W
MISSING."
,Daily Memo,,,"200559Z JUN 25
NAVAREA IV 650/25(26).
WESTERN CARIBBEAN SEA.
PANAMA.
PORT HAND 3 BUOY 09-23.52N 079-53.75W
MISSING."
,Daily Memo,,,"190133Z JUN 25
NAVAREA IV 644/25(24).
CARIBBEAN SEA.
VENEZUELA.
1. PUNTA BOROJO LIGHT 11-12.08N 070-46.67W
   CHANGED TO FL W 11 SEC 19 METERS 18 MILES.
2. CANCEL NAVAREA IV 373/25."
,Daily Memo,,,"190025Z JUN 25
NAVAREA IV 643/25(24).
EASTERN CARIBBEAN SEA.
VENEZUELA.
PUNTA ORIENTAL LIGHT 10-54.00N 065-12.30W UNLIT."
,Daily Memo,,,"130011Z JUN 25
NAVAREA IV 616/25(GEN).
WESTERN NORTH ATLANTIC.
MESSAGING SERVICES UNAVAILABLE AT
USCG REMOTE COMMUNICATION FACILITIES:
A. BOSTON (F) 41-42.00N 070-30.30W.
B. CHESAPEAKE (N) 36-43.70N 076-00.60W.
C. CHARLESTON (E) 32-50.00N 079-56.00W.
D. MIAMI (A) 25-37.00N 080-23.00W.
E. NEW ORLEANS (G) 29-53.10N 089-56.70W."
,Daily Memo,,,"262356Z MAY 25
NAVAREA IV 563/25(24).
EASTERN CARIBBEAN SEA.
VENEZUELA.
PUNTA TIGRE LIGHT 11-04.92N 064-13.00W
TEMPORARILY REMOVED."
,Daily Memo,,,"070902Z MAY 25
NAVAREA IV 504/25(26).
WESTERN CARIBBEAN SEA.
PANAMA.
MANZANILLO ENTRANCE LIGHT 09-22.90N 079-53.90W
TEMPORARILY CHANGED TO WHITE."
,Daily Memo,,,"251029Z APR 25
NAVAREA IV 466/25(26).
WESTERN CARIBBEAN SEA.
NICARAGUA.
HOYO SOPLADOR LIGHT, FL W 15 SEC 20 METERS 
12 MILES, ESTABLISHED IN 12-28.85N 081-43.83W."
,Daily Memo,,,"250016Z MAR 25
NAVAREA IV 354/25(24).
EASTERN CARIBBEAN SEA.
VENEZUELA.
HAZARDOUS OPERATIONS IN PROGRESS UNTIL
FURTHER NOTICE IN AREAS BOUND BY:
A. 10-59.88N 064-17.05W, 11-11.68N 064-57.00W,
   11-47.56N 064-25.28W, 10-59.88N 064-17.05W.
B. 11-07.07N 063-40.77W, 11-14.91N 063-59.52W,
   11-55.00N 064-01.98W, 11-28.25N 063-07.48W."
,Daily Memo,,,"141716Z MAR 25
NAVAREA IV 312/25(24).
EASTERN CARIBBEAN SEA.
VENEZUELA.
WOLKER LIGHT 11-48.70N 066-11.08W UNLIT."
,Daily Memo,,,"141709Z MAR 25
NAVAREA IV 311/25(24).
EASTERN CARIBBEAN SEA.
VENEZUELA.
ORCHILA PIER BEACON 11-48.43N 066-12.00W UNLIT."
,Daily Memo,,,"141814Z FEB 25
NAVAREA IV 190/25(15).
LABRADOR SEA.
CANADA 
ICE CONTROL ZONE TANGO (T) HAS BEEN FULLY ACTIVATED
AND DECLARED IN FORCE BY CANADIAN AUTHORITIES. 
ALL LADEN OIL TANKERS AND SHIPS CARRYING CHEMICALS IN
BULK SHOULD COMPLY WITH TRANSPORT CANADA'S TP 15163."
,Daily Memo,,,"130304Z FEB 25
NAVAREA IV 183/25(24).
EASTERN CARIBBEAN SEA.
VENEZUELA.
ISLA TESTIGO GRANDE LIGHT 11-22.90N 063-07.20W
UNLIT."
,Daily Memo,,,"060337Z FEB 25
NAVAREA IV 155/25(24).
CARIBBEAN SEA.
COLOMBIA.
RACON AT RIO MAGDALENA F-2 LIGHT 
11-06.40N 074-51.30W INOPERATIVE."
,Daily Memo,,,"300123Z JAN 25
NAVAREA IV 130/25(28).
WESTERN CARIBBEAN SEA.
BELIZE.
HALF MOON CAY LIGHT 17-12.20N 087-31.80W UNLIT."
,Daily Memo,,,"161845Z JAN 25
NAVAREA IV 90/25(28).
BAY OF CAMPECHE.
MEXICO.
SANTIAGUILLO LIGHT 19-08.56N 095-48.48W UNLIT."
,Daily Memo,,,"021647Z JAN 25
NAVAREA IV 12/25(28).
GULF OF HONDURAS.
BELIZE.
HUNTING CAY LIGHT 16-06.40N 088-16.60W UNLIT."
,Daily Memo,,,"111518Z DEC 24
NAVAREA IV 1553/24(27).
WESTERN CARIBBEAN SEA.
CUBA.
LOS BALLENATOS LIGHT, FL W 10 SEC 8 METERS
8 MILES, ESTABLISHED IN 21-34.71N 081-38.30W."
,Daily Memo,,,"041331Z DEC 24
NAVAREA IV 1524/24(25).
EASTERN CARIBBEAN SEA.
ST. KITTS AND NEVIS.
1. SABA BANK HAS BEEN DESIGNATED AS AN IMO
   ADOPTED AREA TO BE AVOIDED (ATBA) AND
   PARTICULARLY SENSITIVE SEA AREA (PSSA). 
2. TO AVOID THE RISK OF POLLUTION AND DAMAGE
   TO THE ENVIRONMENT, ENTRY IS PROHIBITED FOR
   VESSELS OF 300 GROSS TONS AND GREATER, AND
   ANCHORING IS PROHIBITED FOR ALL VESSELS,
   IN AREA BOUND BY
   17-27.06N 063-56.14W, 17-29.00N 063-55.09W,
   17-27.94N 063-43.32W, 17-38.03N 063-27.41W,
   17-43.35N 063-32.74W, 17-45.98N 063-29.98W,
   17-40.34N 063-21.10W, 17-30.88N 063-10.92W,
   17-23.80N 063-11.25W, 17-16.27N 063-15.85W,
   17-13.44N 063-26.89W, 17-10.55N 063-41.81W,
   17-20.85N 063-49.89W.
   VESSELS VIOLATING THESE REGULATIONS WILL
   RECEIVE A FINE.
3. FOR FURTHER INFORMATION, CONTACT DUTCH
   CARRIBEAN COAST GUARD, PHONE: 599 9463 7620,
   599 9510 0913, EMAIL: RCC.CURACAO@MINDEF.NL.
4. CANCEL NAVAREA IV 1518/24."
,Daily Memo,,,"061213Z NOV 24
NAVAREA IV 1382/24(25).
CARIBBEAN SEA.
DOMINICAN REPUBLIC.
PUNTA TORRECILLA LIGHT 18-27.86N 069-52.58W
UNLIT."
,Daily Memo,,,"130138Z SEP 24
NAVAREA IV 1125/24(28).
GULF OF HONDURAS.
BELIZE.
CHART 28162.
EAST SNAKE CAYE LIGHT 16-12.60N 088-30.20W UNLIT."
,Daily Memo,,,"090142Z JUL 24
NAVAREA IV 797/24(25).
EASTERN CARIBBEAN SEA.
GRENADINES.
CHART 25001
DANGEROUS WRECK IN 12-35.75N 061-24.44W."
,Daily Memo,,,"270637Z JUN 24
NAVAREA IV 746/24(14).
WESTERN NORTH ATLANTIC.
ODAS BUOY ESTABLISHED IN 47-53.93N 046-47.74W.
211635Z JUN 24
NAVAREA IV 722/24(28).
WESTERN CARIBBEAN SEA.
BELIZE.
CHART 26167.
1. SANDBORE CAY LIGHT 17-28.20N 087-29.50W UNLIT.
2. CANCEL NAVAREA IV 616/23."
,Daily Memo,,,"182349Z JUN 24
NAVAREA IV 703/24(28).
WESTERN CARIBBEAN SEA.
MEXICO.
PUNTA HERRERO LIGHT 19-18.76N 087-26.76W UNLIT."
,Daily Memo,,,"182341Z JUN 24
NAVAREA IV 702/24(28).
GULF OF MEXICO
MEXICO.
PUNTA DE PIEDRA LIGHT 24-29.23N 097-44.56W UNLIT."
,Daily Memo,,,"182334Z JUN 24
NAVAREA IV 701/24(28).
GULF OF MEXICO.
MEXICO.
CARBONERA LIGHT 24-37.62N 097-42.97W UNLIT."
,Daily Memo,,,"171713Z APR 24
NAVAREA IV 437/24(26).
WESTERN CARIBBEAN SEA.
COLOMBIA.
CAYO RONCADOR LIGHT 13-34.41N 080-05.51W UNLIT."
,Daily Memo,,,"211603Z MAR 24
NAVAREA IV 325/24(24).
WESTERN NORTH ATLANTIC.
GUYANA.
ODAS BUOY ESTABLISHED IN 07-02.67N 057-58.65W."
,Daily Memo,,,"250645Z FEB 24
NAVAREA IV 214/24(24).
CARIBBEAN SEA.
NETHERLANDS ANTILLES.
KLEIN BONAIRE LIGHT 12-09.37N 068-19.61W UNLIT."
,Daily Memo,,,"092139Z FEB 24
NAVAREA IV 151/24(24).
EASTERN CARIBBEAN SEA.
VENEZUELA.
DNC 14.
FARO PUNTA MEJILLONES LIGHT 10-42.20N 062-08.40W
DISCONTINUED."
,Daily Memo,,,"031916Z JAN 24
NAVAREA IV 12/24(24).
WESTERN NORTH ATLANTIC.
UNDERWATER OPERATIONS IN PROGRESS UNTIL 
FURTHER NOTICE BY M/V BOURBON CALM
AND M/V BOURBON SAPPHIRE
IN AREAS BOUND BY
A. 08-00.66N 056-44.58W, 08-00.66N 056-40.12W,	
   07-54.87N 056-40.12W, 07-54.87N 056-44.58W.
B. 08-15.96N 057-02.23W, 08-15.96N 056-54.25W,
   07-58.60N 056-54.25W, 07-58.60N 057-02.23W.
C. 08-06.94N 056-49.93W, 08-06.94N 056-46.61W,	
   07-58.94N 056-46.61W, 07-58.94N 056-49.93W.
WIDE BERTH REQUESTED."
,Daily Memo,,,"041253Z DEC 23
NAVAREA IV 1404/23(28).
GULF OF MEXICO.
CAYO ARENA LIGHTHOUSE 22-06.90N 91-23.90W UNLIT."
,Daily Memo,,,"041246Z DEC 23
NAVAREA IV 1403/23(28).
WESTERN CARIBBEAN SEA.
MEXICO.
XCALAK LIGHTHOUSE 18-16.45N 087-50.10W UNLIT."
,Daily Memo,,,"282012Z NOV 23
NAVAREA IV 1377/23(25).
CARIBBEAN SEA.
DOMINICAN REPUBLIC.
CABO ENGANO LIGHTHOUSE 18-36.80N 068-19.50W UNLIT."
,Daily Memo,,,"041807Z AUG 23
NAVAREA IV 873/23(28).
GULF OF HONDURAS.
HONDURAS.
1. PUERTO CORTES ENTRANCE BUOY 15-51.90N 087-57.90W
   TEMPORARILY REMOVED.
2. CANCEL NAVAREA IV 341/21."
,Daily Memo,,,"271909Z MAR 23
NAVAREA IV 356/23(28).
WESTERN CARIBBEAN SEA.
MEXICO.
CHART 28190.
TULUM LIGHT 20-12.68N 087-25.80W UNLIT."
,Daily Memo,,,"011527Z MAR 23
NAVAREA IV 222/23(25).
ANGUILLA.
ANCHORING PROHIBITED UNTIL FURTHER NOTICE
IN AREA BOUND BY
18-13.60N 063-04.15W, 18-13.60N 063-04.70W,
18-13.20N 063-04.70W, 18-13.20N 063-04.50W.
WIDE BERTH REQUESTED."
,Daily Memo,,,"011047Z AUG 22
NAVAREA IV 748/22(24).
CARIBBEAN SEA.
NETHERLANDS ANTILLES.
KLEIN CURACAO LIGHT 11-59.4N 068-38.6W UNLIT."
,Daily Memo,,,"070354Z MAY 22
NAVAREA IV 441/22(26).
CARIBBEAN SEA.
JAMAICA.
CHART 26220.
PORTLAND RIDGE LIGHT 17-44.50N 077-09.50W UNLIT."
,Daily Memo,,,"070313Z MAY 22
NAVAREA IV 439/22(28).
YUCATAN CHANNEL.
MEXICO.
CHART 28210.
ISLA CONTOY LIGHT 21-31.60N 086-48.30W UNLIT."
,Daily Memo,,,"MSGID/GENADMIN/NGA NAVSAFETY WASHINGTON DC//
RMKS/
NAVAREA IV 367/22(28).
WESTERN CARIBBEAN SEA.
MEXICO.
CHART 28190.
PUNTA ALLEN LIGHT 19-47.1N 087-27.8W UNLIT."
,Daily Memo,,,"MSGID/GENADMIN/NGA NAVSAFETY WASHINGTON DC//
RMKS/
NAVAREA IV 227/22(25).
WESTERN NORTH ATLANTIC.
DOMINICAN REPUBLIC.
CHART 25720.
PUERTO PLATA LIGHT 19-48.2N 070-41.7W UNLIT."
,Daily Memo,,,"MSGID/GENADMIN/NGA NAVSAFETY WASHINGTON DC//
RMKS/
NAVAREA IV 141/22(28).
GULF OF HONDURAS.
BELIZE.
CHART 28162.
1. HUNTING CAY, ZAPODILLA CAYS LIGHT
   16-06.5N 088-16.0W UNLIT.
2. CANCEL NAVAREA IV 138/22."
,Daily Memo,,,"MSGID/GENADMIN/NGA NAVSAFETY WASHINGTON DC//
RMKS/
NAVAREA IV 120/22(25).
CARIBBEAN SEA.
DOMINICAN REPUBLIC.
CHART 25800.
PUNTA LAGUNA LIGHT 18-08.3N 068-45.3W UNLIT."
,Daily Memo,,,"MSGID/GENADMIN/NGA NAVSAFETY WASHINGTON DC//
RMKS/
NAVAREA IV 1157/21(26).
WESTERN NORTH ATLANTIC. 
HAITI. 
CHART 26141.
ILE DE LA TORTUE W. POINT LIGHT 
20-03-44N 072-58-02W UNLIT."
,Daily Memo,,,"MSGID/GENADMIN/NGA NAVSAFETY WASHINGTON DC//
RMKS/
NAVAREA IV 1003/21(28).
GULF OF HONDURAS. 
HONDURAS.
CHART 28171. 
PUNTA SAL LIGHT 15-55.5N 087-36.2W UNLIT."
,Daily Memo,,,"MSGID/GENADMIN/NGA NAVSAFETY WASHINGTON DC//
RMKS/
NAVAREA IV 778/21(28).
BAY OF CAMPECHE.
MEXICO.
CHART 28320.
LA BARRA LIGHT 20-58.4N 097-18.5W UNRELIABLE."
,Daily Memo,,,"MSGID/GENADMIN/NGA NAVSAFETY WASHINGTON DC//
RMKS/
NAVAREA IV 278/21(28).
BAY OF CAMPECHE.
MEXICO.
CHART 28310.
ROCA PARTIDA LIGHT 18-42-17N 095-11-18W UNLIT."
,Daily Memo,,,"MSGID/GENADMIN/NGA NAVSAFETY WASHINGTON DC//
RMKS/
NAVAREA IV 277/21(28).
BAY OF CAMPECHE.
MEXICO.
CHART 28310.
TONALA LIGHT 18-12-45N 094-08-00W UNLIT."
,Daily Memo,,,"MSGID/GENADMIN/NGA NAVSAFETY WASHINGTON DC//
RMKS/
NAVAREA IV 144/21(28).
WESTERN CARIBBEAN SEA.
MEXICO.
CHART 28004.
PUERTO MORELOS LIGHT 20-50.2N 086-55.0W UNRELIABLE."
,Daily Memo,,,"To receive Broadcast Warning messages via email, go to
msi.nga.mil and click on the 'NAVIGATION WARNINGS' button
under the 'Subscription Services' section.
The In-Force Navigational Warnings obtained via this
service and the availability of Navigational Warnings
via alternate NGA subscription services does not relieve
Masters / Captains of the requirement to receive
Navigational Warnings through IMO approved broadcast
services in accordance with the provisions of the
International Convention for the Safety of Life at
Sea (SOLAS). This information is provided as a
supplement to those approved services."
,Daily Memo,,,"170836Z SEP 26
NAVAREA XII 638/26.
BERING SEA.
ALASKA.
CABLE OPERATIONS IN PROGRESS UNTIL 
FURTHER NOTICE BY CABLESHIP IT INFINITY
ALONG TRACKLINE JOINING
64-28.13N 165-19.16W, 64-27.14N 165-19.20W,
64-26.97N 165-19.28W, 64-26.76N 165-19.43W,
64-26.60N 165-19.49W, 64-25.61N 165-19.56W,
64-25.26N 165-19.63W, 64-24.63N 165-19.50W,
64-24.35N 165-19.52W, 64-23.98N 165-19.40W,
64-22.32N 165-19.45W, 64-21.54N 165-19.65W,
64-21.04N 165-19.89W, 64-20.28N 165-19.90W,
64-19.81N 165-19.97W, 64-17.56N 165-20.00W,
64-17.25N 165-20.10W, 63-59.69N 165-30.42W,
63-57.40N 165-31.89W, 63-57.32N 165-31.91W,
63-57.25N 165-31.87W, 63-57.12N 165-31.77W,
63-56.93N 165-32.18W, 63-56.88N 165-32.28W,
63-56.80N 165-32.32W, 63-54.82N 165-33.33W,
63-24.82N 165-41.23W, 62-54.54N 165-49.42W,
62-54.31N 165-49.37W, 62-54.18N 165-49.31W,
62-51.07N 165-57.65W, 62-43.04N 166-18.12W,
62-34.73N 166-35.84W, 62-34.11N 166-36.54W,
62-31.60N 166-39.03W, 62-22.77N 166-47.78W,
62-20.30N 166-51.28W, 62-20.17N 166-51.61W,
62-20.05N 166-51.92W, 62-20.02N 166-51.97W,
62-19.98N 166-52.00W, 62-19.87N 166-52.03W,
62-19.69N 166-52.13W, 62-19.45N 166-52.37W,
62-19.11N 166-52.84W, 62-19.02N 166-53.05W,
62-18.79N 166-53.36W, 62-18.68N 166-53.61W,
62-18.54N 166-53.94W, 62-18.32N 166-54.38W,
62-17.82N 166-55.10W, 62-17.59N 166-55.35W,
62-17.27N 166-55.78W, 62-17.03N 166-56.21W,
62-16.89N 166-56.40W, 62-16.19N 166-57.06W,
62-15.85N 166-57.56W, 62-15.80N 166-57.66W,
62-15.74N 166-57.89W, 62-15.70N 166-58.09W,
62-15.61N 166-58.26W, 62-15.49N 166-58.39W,
62-15.39N 166-58.42W, 62-15.13N 166-58.51W,
62-13.39N 166-59.14W, 62-12.08N 166-59.51W,
62-10.98N 166-59.72W, 62-09.61N 167-00.22W,
62-02.74N 167-02.27W, 61-37.36N 167-06.36W,
61-27.04N 167-05.34W, 61-25.07N 167-05.23W,
61-24.86N 167-04.98W, 61-24.80N 167-05.04W,
61-24.59N 167-05.28W, 61-24.49N 167-05.30W,
61-17.34N 167-04.41W, 61-16.70N 167-04.21W,
61-13.12N 167-01.93W, 61-08.01N 166-58.81W,
60-57.65N 166-44.92W, 60-56.28N 166-43.18W,
60-53.86N 166-39.19W.
WIDE BERTH REQUESTED."
,Daily Memo,,,"151951Z SEP 26
NAVAREA XII 637/26.
NORTH PACIFIC.
1. HAZARDOUS OPERATIONS, SPACE DEBRIS
   1427Z TO 1833Z DAILY 22 THRU 28 SEP
   IN AREAS BOUND BY:
   A. 23-55.00N 144-37.00E, 26-07.00N 151-14.00E,
      27-41.00N 156-20.00E, 29-25.00N 165-03.00E,
      30-26.00N 172-41.00E, 29-41.00N 176-14.00E,
      29-13.00N 170-10.00E, 28-28.00N 164-59.00E,
      26-39.00N 156-15.00E, 23-28.00N 144-48.00E.
   B. 23-46.00N 156-11.00W, 24-52.00N 159-19.00W,
      27-38.00N 167-49.00W, 29-25.00N 175-00.00W,
      29-45.00N 176-35.00W, 29-49.00N 180-00.00W,
      30-56.00N 180-00.00W, 31-11.00N 175-00.00W,
      31-17.00N 171-29.00W, 30-33.00N 161-15.00W,
      29-37.00N 155-40.00W, 28-49.00N 151-35.00W,
      26-53.00N 145-26.00W, 26-50.00N 145-28.00W,
      24-03.00N 154-32.00W, 23-46.00N 156-11.00W.
2. CANCEL THIS MSG 281933Z SEP 26."
,Daily Memo,,,"162149Z SEP 26
NAVAREA XII 635/26.
NORTH PACIFIC.
HAWAII.
1. HAZARDOUS OPERATIONS 171700Z TO 180300Z SEP
   IN AREA WITHIN ONE MILE OF 21-17.48N 157-59.23W.
2. CANCEL THIS MSG 180400Z SEP 26."
,Daily Memo,,,"162140Z SEP 26
NAVAREA XII 634/26.
NORTH PACIFIC.
CALIFORNIA.
1. HAZARDOUS OPERATIONS 191700Z TO 192200Z SEP
   IN AREA WITHIN ONE MILE OF 33-01.87N 118-35.26W.
2. CANCEL THIS MSG 192300Z SEP 26."
,Daily Memo,,,"160139Z SEP 26
NAVAREA XII 632/26.
NORTH PACIFIC.
CALIFORNIA.
1. HAZARDOUS OPERATIONS 1500Z TO 0100Z
   DAILY 17 AND 18 SEP IN AREA WITHIN
   15 MILES OF 33-01.00N 120-53.00W.
2. CANCEL NAVAREA XII 631/26.
3. CANCEL THIS MSG 190200Z SEP 26."
,Daily Memo,,,"090625Z SEP 26
NAVAREA XII 629/26.
NORTH PACIFIC.
CALIFORNIA.
1. HAZARDOUS OPERATIONS, ROCKET LAUNCHING: 
   A. 200147Z TO 200612Z SEP, ALTERNATE 
      210133Z TO 210558Z, 220118Z TO 220543Z, 
      230104Z TO 230529Z, 240050Z TO 240515Z, 
      250035Z TO 250500Z AND 
      260021Z TO 260446Z SEP IN AREA BOUND BY
      29-48.00N 117-39.00W, 34-28.00N 120-18.00W,
      34-40.00N 120-36.00W, 34-39.00N 120-39.00W,
      34-30.00N 120-39.00W, 29-35.00N 118-12.00W,
      29-52.00N 117-54.00W.
   B. 200147Z TO 200630Z SEP, ALTERNATE 
      210133Z TO 210616Z, 220118Z TO 220601Z, 
      230104Z TO 230547Z, 240050Z TO 240533Z, 
      250035Z TO 250518Z AND 
      260021Z TO 260504Z SEP IN AREA BOUND BY
      29-48.00N 117-39.00W, 29-52.00N 117-54.00W,
      29-35.00N 118-12.00W, 29-24.00N 118-08.00W,
      29-15.00N 118-02.00W, 29-02.00N 117-59.00W,
      28-12.00N 117-19.00W, 28-50.00N 117-19.00W,
      29-36.00N 117-16.00W.
2. CANCEL THIS MSG 260604Z SEP 26."
,Daily Memo,,,"111553Z SEP 26
NAVAREA XII 626/26.
1. NAVAREA XII WARNINGS IN FORCE AS OF 111553Z SEP.
   ALL THE INFORCE WARNINGS ARE LISTED HERE.
   625/2026, 622/2026, 621/2026, 617/2026, 609/2026,
   586/2026, 585/2026, 584/2026, 486/2026, 469/2026,
   98/2026.
   718/2025, 678/2025, 422/2025, 392/2025, 354/2025,
   344/2025, 338/2025, 259/2025, 208/2025.
   862/2024, 441/2024.
   93/2023.
   721/2022, 720/2022, 244/2022, 243/2022.
2. THE COMPLETE TEXT OF ALL IN-FORCE NAVAREA XII
   BROADCAST WARNINGS ARE AVAILABLE ON THE NGA
   MARITIME SAFETY INFORMATION WEBSITE AT:
   MSI.NGA.MIL/NAVWARNINGS.
   ALTERNATIVELY, THESE MAY BE REQUESTED BY E-MAIL
   FROM THE NAVAREA XII COORDINATOR AT NAVSAFETY@NGA.MIL.
3. CANCEL NAVAREA XII 606/26."
,Daily Memo,,,"110707Z SEP 26
NAVAREA XII 625/26.
NORTH PACIFIC.
CALIFORNIA.
1. HAZARDOUS OPERATIONS, ROCKET LAUNCHING: 
   A. 160100Z TO 160523Z SEP, ALTERNATE 
      0100Z TO 0523Z DAILY 17 THRU 22 SEP 
      IN AREA BOUND BY
      32-01.00N 120-03.00W, 32-01.00N 120-00.00W,
      33-22.00N 120-12.00W, 34-27.00N 120-23.00W,
      34-40.00N 120-36.00W, 34-39.00N 120-40.00W,
      34-20.00N 120-39.00W, 33-04.00N 120-20.00W.
   B. 160100Z TO 160543Z SEP, ALTERNATE 
      0100Z TO 0543Z DAILY 17 THRU 22 SEP 
      IN AREA BOUND BY
      27-40.00N 119-16.00W, 28-41.00N 119-53.00W,
      28-57.00N 119-55.00W, 30-45.00N 119-47.00W,
      28-55.00N 118-46.00W, 28-39.00N 118-43.00W.
2. CANCEL THIS MSG 220643Z SEP 26."
,Daily Memo,,,"101020Z SEP 26
NAVAREA XII 622/26.
NORTH PACIFIC.
CALIFORNIA.
1. SURVEY OPERATIONS 15 SEP THRU 01 OCT BY 
   CABLESHIP CABLE INNOVATOR IN VICINITY OF
   TRACKLINE JOINING
   35-07.29N 120-39.02W, 35-17.85N 121-52.32W.
   WIDE BERTH REQUESTED.
2. CANCEL THIS MSG 020001Z OCT 26."
,Daily Memo,,,"100844Z SEP 26
NAVAREA XII 621/26.
NORTH PACIFIC.
CALIFORNIA.
1. CABLE OPERATIONS IN PROGRESS UNTIL 
   FURTHER NOTICE BY CABLESHIP ILE DE SEIN
   ALONG TRACKLINE JOINING
   33-32.87N 119-40.65W, 33-34.10N 119-46.29W,
   33-32.59N 119-56.03W, 33-32.76N 119-57.64W,
   33-36.28N 120-03.15W, 33-41.99N 120-24.45W,
   33-47.63N 120-30.77W, 33-52.05N 120-55.20W,
   33-52.10N 121-02.76W, 33-51.09N 121-09.77W,
   33-44.54N 121-22.58W, 33-44.31N 121-28.37W,
   33-55.67N 121-57.92W, 33-55.44N 122-06.15W,
   34-33.00N 123-53.85W, 34-44.67N 124-06.99W,
   34-56.08N 124-43.38W, 35-09.06N 124-54.25W,
   35-16.79N 125-21.20W, 35-49.07N 126-27.05W,
   36-11.69N 126-37.62W, 36-52.58N 127-34.30W,
   36-56.91N 127-47.63W, 37-19.02N 128-07.59W,
   37-23.36N 128-15.99W.
   WIDE BERTH REQUESTED.
2. CANCEL NAVAREA XII 580/26."
,Daily Memo,,,"060854Z SEP 26
NAVAREA XII 609/26
NORTH PACIFIC.
DISTRESS SIGNAL RECEIVED FROM F/V JUAN PABLO II
IN 03-05.85N 128-43.70W AT 060550Z SEP.
VESSELS IN VICINITY REQUESTED TO KEEP A SHARP
LOOKOUT, ASSIST IF POSSIBLE.
REPORTS TO JRCC HONOLULU, PHONE: 800 331 6176,
E-MAIL: JRCCHONOLULU@USCG.MIL."
,Daily Memo,,,"211937Z AUG 26
NAVAREA XII 586/26.
NORTH PACIFIC.
CALIFORNIA.
1. HAZARDOUS OPERATIONS 
   010800Z SEP TO 010800Z OCT
   IN AREA BOUND BY
   32-52.70N 119-11.96W, 33-08.06N 118-52.09W,
   33-08.06N 118-46.03W, 33-03.86N 118-41.80W,
   33-02.53N 118-43.55W, 32-58.88N 118-43.52W,
   32-47.66N 118-32.35W, 32-36.92N 118-45.00W,
   32-36.92N 118-56.95W.
2. CANCEL THIS MSG 010900Z OCT 26."
,Daily Memo,,,"211806Z AUG 26
NAVAREA XII 585/26.
NORTH PACIFIC.
CALIFORNIA.
1. HAZARDOUS OPERATIONS 
   010800Z SEP TO 010800Z OCT
   IN AREA BOUND BY
   32-33.00N 118-25.00W, 32-35.00N 118-16.00W,
   32-35.00N 117-40.00W, 31-55.00N 117-40.00W,
   31-55.00N 118-25.00W.
2. CANCEL THIS MSG 010900Z OCT 26."
,Daily Memo,,,"211831Z AUG 26
NAVAREA XII 584/26.
NORTH PACIFIC.
CALIFORNIA.
1. HAZARDOUS OPERATIONS 
   010800Z SEP TO 010800Z OCT
   IN AREA BOUND BY
   32-55.00N 118-25.00W, 32-55.00N 118-15.00W,
   32-40.00N 118-15.00W, 32-40.00N 118-35.00W,
   32-45.00N 118-35.00W.
2. CANCEL THIS MSG 010900Z OCT 26."
,Daily Memo,,,"162213Z JUL 26
NAVAREA XII 486/26.
NORTH PACIFIC.
HAWAII.
1. USCG REMOTE COMMUNICATION FACILITY
   HONOLULU 21-22.00N 158-09.00W TRANSMIT
   SERVICES UNRELIABLE.
2. HONOLULU BROADCASTS WILL BE TRANSMITTED
   FROM USCG REMOTE COMMUNICATION FACILITY
   GUAM 13-25.00N 144-50.00E.
3. DSC RESPONSES WILL BE TRANSMITTED FROM
   USCG REMOTE COMMUNICATION FACILITY
   POINT REYES 37-56.00N 122-44.00W. 
4. CANCEL NAVAREA XII 276/26."
,Daily Memo,,,"030020Z JUL 26
NAVAREA XII 469/26.
NORTH PACIFIC.
BROADCAST AND COMMUNICATION SERVICES
UNRELIABLE AT USCG REMOTE COMMUNICATION
FACILITIES:
   A. PT REYES 37-55.00N 122-24.00W.
   B. HONOLULU 21-22.00N 158-09.00W.
   C. KODIAK 57-46.00N 152-34.00W.
   D. NOME 64-29.00N 165-15.00W.
   E. COLD BAY 55-11.00N 162-42.00W.
   F. ST PAUL 57-09.00N 170-14.00W.
   G. SHEMYA 52-43.00N 174-07.00E.
   H. PT HIGGINS 55-27.00N 131-49.00W.
   I. ASTORIA 46-10.00N 123-49.00W.
   J. BERING SEA 57-46.00N 152-34.00W.
   K. CAMBRIA 33-44N 118-24W."
,Daily Memo,,,"171634Z FEB 26
NAVAREA XII 98/26(16).
BERING SEA.
ALASKA.
USCG REMOTE COMMUNICATION FACILITY SHEMYA
52-43.00N 174-07.00E HF TRANSMIT AND RECEIVE
SERVICES INOPERATIVE."
,Daily Memo,,,"132105Z NOV 25
NAVAREA XII 718/25(16).
GULF OF ALASKA.
1. WEATHER FAX SERVICES OFF AIR AT 
   USCG REMOTE COMMUNICATION FACILITY 
   KODIAK (J) 57-46.00N 152-34.00W.
2. CANCEL NAVAREA XII 460/24."
,Daily Memo,,,"300805Z OCT 25
NAVAREA XII 678/25(22).
NORTH PACIFIC.
COLOMBIA.
FISH FARM ESTABLISHED IN AREA BOUND BY
07-10.96N 077-54.60W, 06-56.19N 078-07.51W,
06-50.73N 078-04.75W, 06-11.42N 077-51.53W,
06-03.57N 077-49.63W, 06-03.55N 077-32.02W,
06-10.59N 077-31.38W, 06-17.90N 077-33.61W,
06-31.64N 077-28.82W, 06-49.13N 077-44.24W.
WIDE BERTH REQUESTED."
,Daily Memo,,,"141418Z JUL 25
NAVAREA XII 422/25(16).
BERING STRAIT.
ALASKA.
SCIENTIFIC MOORINGS, AT DEPTH 15 METERS,
ESTABLISHED IN: 
   A. 65-46.86N 168-34.07W.
   B. 65-44.76N 168-15.75W."
,Daily Memo,,,"242359Z JUN 25
NAVAREA XII 392/25(16).
NORTH PACIFIC.
M/V MORNING MIDAS SANK IN 45-16.88N 179-14.13W.
VESSELS IN VICINITY REQUESTED TO NAVIGATE WITH
CAUTION AND REPORT PRESENCE OF OIL SHEENS OR
DEBRIS TO USCG SECTOR WESTERN ALASKA AND US ARCTIC,
PHONE: 907 428 4100, E-MAIL: SOUTHWESTERNAK@USCG.MIL."
,Daily Memo,,,"130011Z JUN 25
NAVAREA XII 354/25(GEN).
EASTERN NORTH PACIFIC.
MESSAGING SERVICES UNRELIABLE AT
USCG REMOTE COMMUNICATION FACILITIES:
A. PT REYES (C) 37-55.50N 122-43.90W.
B. HONOLULU (O) 21-26.00N 158-09.00W.
C. KODIAK (J) 57-46.00N 152-34.00W.
D. ASTORIA (W) 46-10.00N 123-49.00W.
E. CAMBRIA (Q) 33-44.00N 118-24.00W."
,Daily Memo,,,"100619Z JUN 25
NAVAREA XII 344/25(16).
BERING SEA.
ALASKA.
COMMDET KODIAK, AK REMOTE SITE SHEMYA 
52-43.00N 174-07.00E HF R/T SERVICES OFF AIR."
,Daily Memo,,,"071202Z JUN 25
NAVAREA XII 338/25(18).
OREGON.
USCG REMOTE COMMUNICATION FACILITY
ASTORIA (W) 46-10.00N 123-49.00W OFF AIR."
,Daily Memo,,,"051901Z MAY 25
NAVAREA XII 259/25(16).
GULF OF ALASKA.
ALASKA.
USCG REMOTE COMMUNICATION FACILITY KODIAK (J)
57-46.00N 152-34.00W HF AND DSC SERVICES UNRELIABLE.
061220Z APR 25
NAVAREA XII 208/25(22).
EASTERN NORTH PACIFIC.
COLOMBIA.
PUNTA SOLDADO LIGHT 03-48.50N 077-10.80W 
DISCONTINUED."
,Daily Memo,,,"281257Z OCT 24
NAVAREA XII 862/24(83).
EASTERN NORTH PACIFIC.
KIRIBATI.
CABLE OPERATIONS IN PROGRESS UNTIL FURTHER
NOTICE IN VICINITY OF TRACKLINE JOINING
02-01.46N 157-29.67W, 02-01.45N 157-29.69W,
02-01.45N 157-29.72W, 02-01.42N 157-29.82W,
02-01.36N 157-30.04W, 02-01.22N 157-30.29W,
02-00.20N 157-32.23W.
100 METER BERTH REQUESTED."
,Daily Memo,,,"182355Z JUN 24
NAVAREA XII 441/24(21).
EASTERN NORTH PACIFIC.
MEXICO.
MORRO SANTO DOMINGO LIGHT 28-14.37N 114-06.18W UNLIT.
282248Z FEB 23
NAVAREA XII 93/23(19).
NORTH PACIFIC.
HAWAII.
1. INTERMITTENT MISSILE FIRING OPERATIONS CONDUCTED
   BY THE PACIFIC MISSILE RANGE FACILITY (PMRF),
   BARKING SANDS, KAUAI, HAWAII, IN WHISKEY
   188 (W-188) OPERATING AREA. OPERATIONS ARE
   CONDUCTED PERIODICALLY THROUGHOUT EACH WEEK
   IN AREA BOUND BY
   22-00.0N 159-51.0W, 22-00.0N 160-00.0W,
   22-04.0N 160-06.0W, 21-59.5N 160-21.0W,
   22-05.0N 161-35.0W, 22-45.0N 161-25.0W,
   22-56.0N 161-49.0W, 23-34.0N 161-18.6W,
   23-57.0N 160-41.0W, 25-41.0N 161-36.0W,
   26-00.0N 159-58.0W, 25-47.0N 158-15.0W,
   23-54.0N 158-15.0W, 22-20.0N 159-09.0W,
   22-21.0N 159-30.0W, 22-13.0N 159-42.0W,
   22-00.0N 159-51.0W.
2. VESSELS MAY BE REQUESTED TO ALTER COURSE DUE TO
   FIRING OPERATIONS AND ARE REQUESTED TO CONTACT
   ""PACIFIC MISSILE RANGE BARKING SANDS"" ON VHF
   MARINE BAND CHANNEL 16 PRIOR
   TO ENTERING THE ABOVE BOUNDARIES. IF UNABLE
   TO CONTACT PMRF PRIOR TO ENTERING OR WHILE IN
   THE WARNING AREA, RELAY MESSAGES THROUGH
   U.S. COAST GUARD HONOLULU.
3. VESSELS INBOUND AND OUTBOUND FOR HAWAIIAN PORTS
   WILL CREATE THE LEAST INTERFERENCE TO FIRING
   OPERATIONS AS WELL AS ENHANCE VESSEL SAFETY
   BY PASSING SOUTH OF THE ISLANDS OF KAUAI
   AND NIIHAU DURING SPECIFIED TIMES.
4. CANCEL NAVAREA XII 269/21."
,Daily Memo,,,"272221Z SEP 22
NAVAREA XII 721/22(21).
EL SALVADOR.
CHART 21524
MOORING BUOYS 13-35.23N 089-51.10W UNLIT."
,Daily Memo,,,"272211Z SEP 22
NAVAREA XII 720/22(21).
EASTERN NORTH PACIFIC.
EL SALVADOR.
CHART 12529.
PUERTO DE LA UNION 16 BUOY 13-20.36N 087-48.99W UNLIT."
,Daily Memo,,,"MSGID/GENADMIN/NGA NAVSAFETY WASHINGTON DC//
RMKS/
NAVAREA XII 244/22(21).
GOLFO DE CALIFORNIA.
MEXICO.
CHART 21120.
BOCA DEL TULE LIGHT 23-14.3N 109-26.4W UNLIT.
MSGID/GENADMIN/NGA NAVSAFETY WASHINGTON DC//
RMKS/
NAVAREA XII 243/22(18).
EASTERN NORTH PACIFIC.
MEXICO.
CHART 18740.
1. CORONADO ISLAND SOUTH LIGHT 32-23.5N 117-14.5W
   UNLIT.
2. CANCEL NAVAREA XII 159/21."
,Daily Memo,,,"To receive Broadcast Warning messages via email, go to
msi.nga.mil and click on the 'NAVIGATION WARNINGS' button
under the 'Subscription Services' section.
The In-Force Navigational Warnings obtained via this
service and the availability of Navigational Warnings
via alternate NGA subscription services does not relieve
Masters / Captains of the requirement to receive
Navigational Warnings through IMO approved broadcast
services in accordance with the provisions of the
International Convention for the Safety of Life at
Sea (SOLAS). This information is provided as a
supplement to those approved services."
,Daily Memo,,,"171405Z SEP 26
HYDROLANT 1849/26.
SCOTIA SEA.
SOUTH ATLANTIC.
ANTARCTICA.
1. ICEBERGS REPORTED IN: 
   A. A81, 57-46.00S 045-52.00W.
   B. D33B, 59-30.00S 046-57.00W.
   C. A76C, 54-29.00S 026-32.00W.
   D. D32, 57-38.00S 038-19.00W.
   E. 57-18.00S 047-33.00W.
   F. 59-53.00S 051-04.00W.
   G. 56-21.00S 050-24.00W.
   H. 58-07.00S 049-58.00W.
2. CANCEL THIS MSG 181400Z SEP 26."
,Daily Memo,,,"171336Z SEP 26
HYDROLANT 1848/26. 
SEA OF THE HEBRIDES.
SCOTLAND.
1. DUBH ARTACH LIGHT 56-08.0N 006-38.1W 
   UNRELIABLE. 
2. CANCEL HYDROLANT 1847/26."
,Daily Memo,,,"170853Z SEP 26
HYDROLANT 1846/26.
BLACK SEA.
ROMANIA.
1. HAZARDOUS OPERATIONS 0600Z TO 1200Z 
   DAILY 22 THRU 25 AND 28 SEP
   IN AREA BOUND BY
   44-25.43N 028-42.50E, 44-29.50N 028-55.58E,
   44-25.08N 029-01.20E, 44-19.70N 029-00.82E,
   44-14.57N 028-57.93E, 44-13.10N 028-56.33E,
   44-22.08N 028-42.42E.
2. CANCEL THIS MSG 281300Z SEP 26."
,Daily Memo,,,"170424Z SEP 26
HYDROLANT 1845/26.
SCOTIA SEA.
SOUTH ATLANTIC.
SOUTH PACIFIC.
ANTARCTICA.
1. ICEBERGS REPORTED IN: 
   A. A84, 71-11.40S 101-39.00W.
   B. A85, 61-43.20S 053-01.20W.
   C. D33A, 64-00.00S 055-35.40W.
   D. D33C, 61-38.40S 053-55.20W.
2. CANCEL THIS MSG 180425Z SEP 26."
,Daily Memo,,,"170136Z SEP 26
HYDROLANT 1844/26
SOUTH ATLANTIC.
BRAZIL.
1. UNDERWATER OPERATIONS IN PROGRESS
   UNTIL 240259Z SEP BY M/V SIEM PILOT
   IN 22-25.32S 039-56.55W.
   WIDE BERTH REQUESTED.
2. CANCEL THIS MSG 240359Z SEP 26."
,Daily Memo,,,"170130Z SEP 26
HYDROLANT 1843/26.
SOUTH ATLANTIC.
BRAZIL.
1. UNDERWATER OPERATIONS 0800Z TO 1700Z
   DAILY 17 SEP THRU 01 OCT BY M/V TOP WEATHER
   AND M/V COMANDO B IN 20-23.85S 040-09.08W.
   WIDE BERTH REQUESTED.
2. CANCEL THIS MSG 011800Z OCT 26."
,Daily Memo,,,"170125Z SEP 26
HYDROLANT 1842/26.
SOUTH ATLANTIC.
BRAZIL.
1. UNDERWATER OPERATIONS 0800Z TO 1800Z
   DAILY 17 SEP THRU 01 OCT BY M/V FJ IRIS AND
   M/V COMANDO B IN 20-23.72S 040-09.15W.
   WIDE BERTH REQUESTED.
2. CANCEL THIS MSG 011900Z OCT 26."
,Daily Memo,,,"161510Z SEP 26
HYDROLANT 1838/26.
NORTH ATLANTIC.
SCOTLAND.
1. HAZARDOUS OPERATIONS 180600Z TO 181700Z SEP
   IN AREAS WITHIN:
   A. 27 MILES OF 57-27.50N 008-20.50W.
   B. 20 MILES OF 57-43.50N 008-58.80W.
   C. 17 MILES OF 58-06.30N 011-06.70W.
   D. 17 MILES OF 57-56.00N 010-28.10W.
   E. 16 MILES OF 57-41.60N 009-41.80W.
2. CANCEL THIS MSG 181800Z SEP 26."
,Daily Memo,,,"161432Z SEP 26
HYDROLANT 1837/26.
SCOTIA SEA.
SOUTH ATLANTIC.
ANTARCTICA.
1. ICEBERGS REPORTED IN: 
   A. A81, 57-41.00S 046-00.00W.
   B. D33B, 59-27.00S 047-32.00W.
   C. A76C, 54-28.00S 026-31.00W.
   D. D32, 57-36.00S 038-57.00W.
   E. 57-42.00S 047-57.00W.
   F. 59-53.00S 051-04.00W.
   G. 56-21.00S 050-24.00W.
   H. 58-14.00S 050-05.00W.
2. CANCEL THIS MSG 171433Z SEP 26."
,Daily Memo,,,"160112Z SEP 26
HYDROLANT 1833/26.
NORTH ATLANTIC.
MOROCCO.
1. HAZARDOUS OPERATIONS 170001Z TO 172359Z SEP 
   IN AREA BOUND BY
   33-41.00N 008-03.00W, 33-41.00N 008-26.00W,
   33-50.50N 008-23.90W, 33-58.60N 008-14.30W,
   34-01.00N 008-03.00W.
2. CANCEL THIS MSG 180100Z SEP 26."
,Daily Memo,,,"151850Z SEP 26
HYDROLANT 1832/26.
NORTH ATLANTIC.
MOROCCO.
1. HAZARDOUS OPERATIONS 160001Z TO 180001Z SEP
   IN AREAS BOUND BY:
   A. 26-50.00N 014-00.00W, 26-50.00N 014-22.36W,
      26-57.65N 014-20.62W, 27-04.27N 014-15.70W,
      27-08.60N 014-08.43W, 27-10.00N 014-00.00W.
   B. 23-35.00N 017-00.00W, 23-35.08N 017-21.75W,
      23-44.54N 017-19.04W, 23-52.58N 017-10.39W,
      23-55.07N 017-00.00W.
2. HYDROLANT 1830/26.
3. CANCEL THIS MSG 180100Z SEP 26."
,Daily Memo,,,"151630Z SEP 26
HYDROLANT 1831/26.
SOUTH ATLANTIC.
CONGO, (BRAZZAVILLE).
CABLE OPERATIONS 190001Z SEP UNTIL FURTHER NOTICE
BY CABLESHIP LEON THEVENIN IN AREA BOUND BY
05-27.80S 010-42.70E, 05-38.70S 010-54.20E,
05-49.70S 010-30.40E, 05-44.50S 010-25.40E.
WIDE BERTH REQUESTED."
,Daily Memo,,,"150102Z SEP 26
HYDROLANT 1825/26.
NORTH ATLANTIC.
BRAZIL.
1. SURVEY OPERATIONS IN PROGRESS UNTIL
   26 SEP BY M/V AMAZON WARRIOR,
   M/V VENTURE G AND M/V BIG JOHN VII
   TOWING 12 10000 METER LONG CABLES
   IN AREA BOUND BY
   04-33.71N 050-01.26W, 05-42.36N 048-58.13W,
   03-02.99N 046-18.20W, 01-59.67N 047-14.09W,
   02-02.36N 047-18.50W, 02-05.99N 047-20.75W,
   02-07.44N 047-21.64W, 02-33.17N 047-37.51W,
   02-41.94N 047-47.84W, 02-54.27N 047-55.54W,
   03-10.64N 048-13.68W, 03-17.80N 048-17.87W,
   03-34.64N 048-37.52W, 03-48.19N 048-54.43W,
   03-56.43N 049-06.33W, 04-07.01N 049-23.23W,
   04-15.75N 049-43.94W.
   WIDE BERTH REQUESTED.
2. CANCEL HYDROLANT 1774/26.
3. CANCEL THIS MSG 270001Z SEP 26."
,Daily Memo,,,"141900Z SEP 26
HYDROLANT 1823/26.
TYRRHENIAN SEA.
SARDINIA.
1. DERELICT VESSEL ADRIFT IN 38-51.10N 009-20.90E.
2. CANCEL THIS MSG 171900Z SEP 26."
,Daily Memo,,,"141708Z SEP 26
HYDROLANT 1821/26.
IRISH SEA.
WALES.
UNDERWATER OPERATIONS IN PROGRESS UNTIL
FURTHER NOTICE BY M/V ZWERVER I
IN AREA BOUND BY
53-34.50N 003-35.40W, 53-34.60N 003-28.20W,
53-32.60N 003-35.70W.
WIDE BERTH REQUESTED."
,Daily Memo,,,"140101Z SEP 26
HYDROLANT 1816/26.
SOUTH ATLANTIC.
BRAZIL.
1. UNDERWATER OPERATIONS 0800Z TO 1800Z
   DAILY UNTIL 25 SEP BY M/V SOMNIUM AUSTRALIS
   AND M/V COMANDO B IN 20-23.78S 040-09.43W.
   WIDE BERTH REQUESTED.
2. CANCEL THIS MSG 251900Z SEP 26."
,Daily Memo,,,"140053Z SEP 26
HYDROLANT 1815/26
SOUTH ATLANTIC.
BRAZIL.
1. UNDERWATER OPERATIONS 0800Z TO 1800Z
   DAILY UNTIL 28 SEP BY M/V COMANDO B
   AND M/V SHANDONG FU XIN
   IN 20-23.20S 040-09.73W.
   WIDE BERTH REQUESTED.
2. CANCEL THIS MSG 281900Z SEP 26."
,Daily Memo,,,"121446Z SEP 26
HYDROLANT 1809/26
SOUTH ATLANTIC.
BRAZIL.
1. UNDERWATER OPERATIONS 0800Z TO 1800Z DAILY
   13 THRU 27 SEP BY M/V COMANDO B AND
   M/V IONIC SMYRNI IN 20-23.05S 040-09.88W.
   WIDE BERTH REQUESTED.
2. CANCEL THIS MSG 271900Z SEP 26."
,Daily Memo,,,"121424Z SEP 26
HYDROLANT 1808/26
SOUTH ATLANTIC.
BRAZIL.
1. UNDERWATER OPERATIONS 0800Z TO 1800Z DAILY
   13 THRU 27 SEP BY M/V COMANDO B AND 
   M/V CALYPSO IN 20-23.18S 040-09.77W.
   WIDE BERTH REQUESTED.
2. CANCEL THIS MSG 271900Z SEP 26."
,Daily Memo,,,"121401Z SEP 26
HYDROLANT 1807/26
SOUTH ATLANTIC.
BRAZIL.
1. SURVEY OPERATIONS IN PROGRESS UNTIL  030300Z NOV
   BY M/V FUGRO VAQUITA AND AN UNMANNED VESSEL
   ALONG TRACKLINE JOINING
   22-56.50S 043-08.40W, 22-32.79S 040-04.53W,
   22-56.50S 043-08.40W.
   WIDE BERTH REQUESTED.
2. CANCEL THIS MSG 030400Z NOV 26."
,Daily Memo,,,"120107Z SEP 26
HYDROLANT 1804/26.
NORTH ATLANTIC.
SCOTLAND.
1. HAZARDOUS OPERATIONS
   0900Z TO 2330Z DAILY 17 THRU 21 SEP
   IN AREA WITHIN 140 MILES OF 
   58-14.00N 013-21.00W.
2. CANCEL THIS MSG 220030Z SEP 26."
,Daily Memo,,,"111502Z SEP 26
HYDROLANT 1801/26.
1. HYDROLANT WARNINGS IN FORCE AS OF 111502Z SEP.
   ALL THE INFORCE WARNINGS ARE LISTED HERE.
   1800/2026, 1799/2026, 1798/2026, 1797/2026, 1795/2026,
   1794/2026, 1793/2026, 1788/2026, 1787/2026, 1786/2026,
   1784/2026, 1783/2026, 1778/2026, 1774/2026, 1771/2026, 
   1770/2026, 1767/2026, 1761/2026, 1743/2026, 1742/2026,
   1741/2026, 1739/2026, 1734/2026, 1733/2026, 1715/2026,
   1699/2026, 1698/2026, 1691/2026, 1687/2026, 1678/2026,
   1663/2026, 1645/2026, 1634/2026, 1598/2026, 1589/2026,
   1575/2026, 1545/2026, 1541/2026, 1529/2026, 1525/2026,
   1510/2026, 1481/2026, 1462/2026, 1457/2026, 1279/2026,
   1258/2026, 1235/2026, 1160/2026, 1086/2026, 986/2026,
   942/2026, 906/2026, 900/2026, 882/2026, 810/2026,
   657/2026, 638/2026, 628/2026, 627/2026, 585/2026,
   582/2026, 238/2026, 237/2026, 236/2026.
   2010/2025, 1668/2025, 1213/2025, 1204/2025, 915/2025,
   361/2025, 87/2025.
   2607/2024, 2306/2024, 2088/2024, 2005/2024, 682/2024.
   2452/2023, 2017/2023.
   838/2022, 564/2022.
2. THE COMPLETE TEXT OF ALL IN-FORCE HYDROLANT
   BROADCAST WARNINGS ARE AVAILABLE ON THE NGA
   MARITIME SAFETY INFORMATION WEBSITE AT:
   MSI.NGA.MIL/NAVWARNINGS.
   ALTERNATIVELY, THESE MAY BE REQUESTED BY E-MAIL
   FROM NGA AT NAVSAFETY@NGA.MIL.
3. CANCEL HYDROLANT 1753/26."
,Daily Memo,,,"111430Z SEP 26
HYDROLANT 1800/26
SOUTH ATLANTIC.
BRAZIL.
DNC 01.
CHAPEU VIRADO LIGHT 01-08.12S 048-28.14W.
UNLIT."
,Daily Memo,,,"110057Z SEP 26
HYDROLANT 1797/26.
SOUTH ATLANTIC.
BRAZIL.
1. SURVEY OPERATIONS IN PROGRESS UNTIL
   10 NOV 27 BY M/V REM SALTIRE
   IN AREA BOUND BY
   21-39.40S 039-49.11W, 22-07.28S 039-21.27W,
   22-51.59S 039-53.36W, 22-28.48S 040-32.07W,
   22-20.25S 040-26.11W.
   WIDE BERTH REQUESTED.
2. CANCEL THIS MSG 110001Z NOV 27."
,Daily Memo,,,"100939Z SEP 26
HYDROLANT 1794/26.
SOUTH ATLANTIC.
BRAZIL.
1. UNDERWATER OPERATIONS 1100Z TO 2100Z 
   DAILY 11 THRU 25 SEP BY M/V COMANDO B 
   AND M/V SOMNIUM AUSTRALIS IN 
   20-23.78S 040-09.43W.
   WIDE BERTH REQUESTED.
2. CANCEL THIS MSG 252200Z SEP 26."
,Daily Memo,,,"100935Z SEP 26
HYDROLANT 1793/26.
SOUTH ATLANTIC.
BRAZIL.
1. UNDERWATER OPERATIONS 1100Z TO 2100Z 
   DAILY 11 THRU 25 SEP BY M/V COMANDO B 
   AND M/V ENTERPRISE IN 20-23.47S 040-09.33W.
   WIDE BERTH REQUESTED.
2. CANCEL THIS MSG 252200Z SEP 26."
,Daily Memo,,,"090206Z SEP 26
HYDROLANT 1788/26.
SOUTH ATLANTIC.
BRAZIL.
1. ITAPEVA LIGHT 29-33.40S 049-53.37W
   UNLIT UNTIL 07 MAR 27.
2. CANCEL THIS MSG 080001Z MAR 27."
,Daily Memo,,,"090115Z SEP 26
HYDROLANT 1787/26.
SOUTH ATLANTIC.
BRAZIL.
1. SARITA LIGHT 32-37.81S 052-25.76W UNLIT
   UNTIL 07 MAR 27.
2. CANCEL THIS MSG 080001Z MAR 27."
,Daily Memo,,,"081215Z SEP 26
HYDROLANT 1784/26.
BLACK SEA.
ROMANIA.
PLATFORM NEPTUN ALPHA ESTABLISHED IN 44-02.85N 030-35.25E.
ONE MILE BERTH REQUESTED."
,Daily Memo,,,"070948Z SEP 26
HYDROLANT 1778/26.
BLACK SEA.
TURKEY.
1. SURVEY OPERATIONS 08 SEP THRU 01 OCT 
   BY M/V KARADENIZ ARASTIRMA, 
   M/V BARBAROS HAYREDDIN PASA AND 
   M/V TANUX-1 IN AREA BOUND BY
   42-20.65N 031-59.85E, 42-20.73N 033-14.63E,
   42-42.03N 033-14.72E, 43-16.32N 032-46.77E,
   43-20.30N 031-59.70E.
   FIVE MILE BERTH REQUESTED.
2. CANCEL THIS MSG 020001Z OCT 26."
,Daily Memo,,,"062313Z SEP 26
HYDROLANT 1771/26.
ENGLISH CHANNEL.
ENGLAND.
NEWHAVEN BREAKWATER, HEAD LIGHT
50-46.50N 000-03.50E UNLIT."
,Daily Memo,,,"062116Z SEP 26
HYDROLANT 1770/26.
NORTH SEA.
NORWEGIAN SEA.
NORWAY.
1. SURVEY OPERATIONS IN PROGRESS UNTIL
   FURTHER NOTICE BY M/V RAMFORM ATLAS
   TOWING 12 7050 METER LONG CABLES
   IN AREA BOUND BY
   61-21.60N 002-40.30E, 61-24.60N 003-02.00E,
   60-22.70N 003-40.00E, 60-21.20N 003-14.60E.
   FIVE MILE BERTH REQUESTED.
2. CANCEL HYDROLANT 1768/26."
,Daily Memo,,,"052203Z SEP 26
HYDROLANT 1761/26.
NORTH SEA.
ENGLAND.
ROKER PIER LIGHT 54-55.30N 001-21.20W UNRELIABLE."
,Daily Memo,,,"031333Z SEP 26
HYDROLANT 1743/26.
SOUTH ATLANTIC.
BRAZIL.
1. UNDERWATER OPERATIONS 1100Z TO 2100Z DAILY
   04 THRU 18 SEP BY M/V CHARLIE AND M/V COMANDO B
   IN 20-24.27S 040-09.57W.
   WIDE BERTH REQUESTED.
2. CANCEL THIS MSG 182200Z SEP 26."
,Daily Memo,,,"031319Z SEP 26
HYDROLANT 1742/26.
SOUTH ATLANTIC.
BRAZIL.
1. UNDERWATER OPERATIONS 1000Z TO 2000Z DAILY
   01 THRU 30 SEP BY M/V CORAL DO ATLANTICO
   IN AREA BOUND BY
   23-20.75S 040-08.10W, 23-21.00S 040-06.50W,
   23-19.75S 040-09.56W, 23-17.81S 040-09.56W,
   23-17.76S 040-13.45W.
   WIDE BERTH REQUESTED.
2. CANCEL THIS MSG 302100Z SEP 26."
,Daily Memo,,,"031310Z SEP 26
HYDROLANT 1741/26.
SOUTH ATLANTIC.
BRAZIL.
1. UNDERWATER OPERATIONS 1100Z TO 2100Z DAILY
   04 THRU 18 SEP BY M/V COMANDO B
   AND M/V LINDEN TRADER IN 20-22.98S 040-08.73W.
   WIDE BERTH REQUESTED.
2. CANCEL THIS MSG 182200Z SEP 26."
,Daily Memo,,,"030041Z SEP 26
HYDROLANT 1739/26.
SOUTH ATLANTIC.
BRAZIL.
1. BARRA DE ITABAPOANA LIGHT 21-18.82S 040-57.95W
   UNLIT UNTIL 01 MAR 27.
2. CANCEL HYDROLANT 492/26.
3. CANCEL THIS MSG 020001Z MAR 27."
,Daily Memo,,,"020048Z SEP 26
HYDROLANT 1734/26.
SOUTH ATLANTIC.
BRAZIL.
1. UNDERWATER OPERATIONS 1100Z TO 2100Z
   DAILY 03 THRU 17 SEP BY M/V COMMANDER K
   AND M/V COMANDO B IN 20-23.90S 040-08.68W.
   WIDE BERTH REQUESTED.
2. CANCEL THIS MSG 172200Z SEP 26."
,Daily Memo,,,"301542Z AUG 26
HYDROLANT 1715/26.
NORTH ATLANTIC.
BRAZIL.
M/V SHRI GANESHA, NINE PERSONS ON BOARD, TAKING
ON WATER IN VICINITY 02-04.06N 049-56.06W ON 30 AUG.
VESSELS IN VICINITY REQUESTED TO KEEP A SHARP
LOOKOUT, ASSIST IF POSSIBLE. 
REPORTS TO ANY COASTAL RADIO STATION."
,Daily Memo,,,"290136Z AUG 26
HYDROLANT 1699/26.
SOUTH ATLANTIC.
BRAZIL.
1. YELLOW LIGHT MOORING BUOY
   ESTABLISHED TEMPORARILY IN 04-35.70S 037-02.79W.
2. CANCEL THIS MSG 220100Z AUG 29."
,Daily Memo,,,"290055Z AUG 26
HYDROLANT 1698/26.
SOUTH ATLANTIC.
BRAZIL.
1. SURVEY OPERATIONS 290900Z AUG
   THRU 072200Z JAN 27 BY M/V TUPAN III
   IN AREA BOUND BY
   25-34.77S 048-20.62W, 25-29.89S 048-41.14W,
   25-28.14S 048-23.77W, 25-26.51S 048-21.20W,
   25-37.37S 048-04.42W, 25-37.51S 048-11.49W,
   25-42.88S 048-04.28W, 25-39.25S 048-11.45W,
   25-43.02S 048-11.36W.
   WIDE BERTH REQUESTED.
2. CANCEL THIS MSG 072300Z JAN 27."
,Daily Memo,,,"280928Z AUG 26
HYDROLANT 1691/26.
NORWEGIAN SEA.
1. SURVEY OPERATIONS IN PROGRESS UNTIL 
   FURTHER NOTICE BY M/V AMAZON CONQUEROR
   TOWING 12 10000 METER LONG CABLES
   IN AREA BOUND BY
   65-40.80N 005-19.70E, 65-42.20N 006-52.30E,
   64-33.50N 006-04.80E, 64-32.70N 004-33.70E.
   SEVEN MILE BERTH REQUESTED.
2. CANCEL HYDROLANT 1689/26."
,Daily Memo,,,"272349Z AUG 26
HYDROLANT 1687/26.
NORTH ATLANTIC.
ORKNEY ISLANDS.
CABLE OPERATIONS IN PROGRESS UNTIL
FURTHER NOTICE BY CABLESHIP SOVEREIGN
IN 59-49.00N 002-58.40W.
ONE MILE BERTH REQUESTED."
,Daily Memo,,,"242004Z AUG 26
HYDROLANT 1663/26.
SOUTH ATLANTIC.
ANGOLA.
1. SURVEY OPERATIONS IN PROGRESS UNTIL 
   FURTHER NOTICE BY M/V RAMFORM VICTORY
   TOWING 12 THREE MILE LONG CABLES
   IN AREA BOUND BY
   06-07.30S 011-14.00E, 06-31.10S 011-17.40E,
   06-35.00S 010-51.00E, 06-11.40S 010-47.30E.
   FOUR MILE BERTH REQUESTED.
2. CANCEL HYDROLANT 1294/26."
,Daily Memo,,,"221057Z AUG 26
HYDROLANT 1645/26
SOUTH ATLANTIC.
BRAZIL.
1. UNDERWATER OPERATIONS 0800Z TO 1800Z DAILY
   23 AUG THRU 29 SEP BY M/V COMANDO B 
   AND M/V BH SHIJIAZHUANG IN 20-23.47S 040-09.88W.
   WIDE BERTH REQUESTED.
2. CANCEL THIS MSG 291900Z SEP 26."
,Daily Memo,,,"210039Z AUG 26
HYDROLANT 1634/26.
SOUTH ATLANTIC.
BRAZIL.
1. ODAS BUOY TEMPORARILY ESTABLISHED
   UNTIL 21 AUG 27 IN 21-34.20S 040-43.62W.
2. CANCEL HYDROLANT 746/26.
3. CANCEL THIS MSG 220001Z AUG 27."
,Daily Memo,,,"162156Z AUG 26
HYDROLANT 1589/26.
DOVER STRAIT.
ENGLAND.
EAST GOODWIN LIGHT VESSEL 51-13.30N 001-36.40E.
PERMANENTLY DISCONTINUED."
,Daily Memo,,,"101439Z AUG 26
HYDROLANT 1545/26.
NORTH ATLANTIC.
AZORES.
1. MF/HF VOICE AND DSC SERVICES FROM AZORES STATIONS
    37-47.65N 25-49.42W OFF AIR.
2. CANCEL HYDROLANT 1527/26."
,Daily Memo,,,"091325Z AUG 26
HYDROLANT 1541/26.
SOUTH ATLANTIC.
BRAZIL.
1. SURVEY OPERATIONS 10 AUG 26 THRU 08 MAR 27
   BY TUG MCE NAVEGACAO I
   IN AREA BOUND BY
   22-48.38S 041-08.21W, 22-48.38S 041-01.70W,
   22-51.38S 041-01.70W, 22-51.38S 041-08.21W.
   WIDE BERTH REQUESTED.
2. CANCEL THIS MSG 090001Z MAR 27."
,Daily Memo,,,"080044Z AUG 26
HYDROLANT 1529/26.
SOUTH ATLANTIC.
BRAZIL.
1. SURVEY OPERATIONS IN PROGRESS UNTIL
   09 JUL 27 BY M/V BGP DRAGON TOWING
   250 METER LONG CABLE IN AREA BOUND BY
   22-32.79S 040-09.79W, 22-30.18S 040-14.02W,
   22-22.20S 040-14.72W, 22-18.56S 040-12.13W,
   22-14.72S 040-10.95W, 22-08.19S 040-06.66W,
   22-04.65S 040-06.28W, 22-01.32S 040-03.91W,
   22-00.21S 040-01.41W, 21-58.95S 039-59.82W,
   21-57.94S 039-56.98W, 21-59.51S 039-51.99W,
   22-02.26S 039-47.32W, 22-06.87S 039-46.80W,
   22-12.18S 039-50.95W, 22-12.92S 039-51.99W,
   22-21.80S 039-57.86W, 22-25.83S 039-56.22W,
   22-28.41S 039-55.62W, 22-34.61S 040-00.11W,
   22-35.52S 040-05.16W.
   WIDE BERTH REQUESTED.
2. CANCEL HYDROLANT 1521/26.
3. CANCEL THIS MSG 100001Z JUL 27."
,Daily Memo,,,"071503Z AUG 26
HYDROLANT 1525/26.
NORTH ATLANTIC.
WESTERN SAHARA.
DANGEROUS WRECK IN 23-57.50N 015-50.00W."
,Daily Memo,,,"311600Z JUL
HYDROLANT 1481/26.
1. HYDROLANT WARNINGS IN FORCE AS OF 311554Z JUL. 
   ALL THE INFORCE WARNINGS ARE LISTED HERE.
   1479/2026, 1478/2026, 1477/2026, 1476/2026,
   1473/2026, 1471/2026, 1469/2026, 1468/2026, 1466/2026,
   1462/2026, 1457/2026, 1453/2026, 1449/2026, 1448/2026,
   1445/2026, 1444/2026, 1443/2026, 1442/2026, 1441/2026,
   1438/2026, 1437/2026, 1421/2026, 1410/2026, 1409/2026,
   1407/2026, 1406/2026, 1398/2026, 1382/2026, 1381/2026,
   1375/2026, 1299/2026, 1297/2026, 1294/2026, 1280/2026,
   1279/2026, 1258/2026, 1235/2026, 1175/2026, 1160/2026,
   1086/2026, 1021/2026, 986/2026, 985/2026, 942/2026,
   906/2026, 900/2026, 882/2026, 843/2026, 810/2026,
   809/2026, 746/2026, 657/2026, 638/2026, 628/2026,
   627/2026, 603/2026, 585/2026, 582/2026, 492/2026,
   453/2026, 434/2026, 397/2026, 289/2026, 238/2026,
   237/2026, 236/2026.
   2243/2025, 2010/2025, 1668/2025, 1213/2025, 1204/2025,
   915/2025, 361/2025, 87/2025.
   2607/2024, 2306/2024, 2088/2024, 2005/2024, 682/2024,
   2452/2023, 2017/2023.
   838/2022, 564/2022.
2. THE COMPLETE TEXT OF ALL IN-FORCE HYDROLANT
    BROADCAST WARNINGS ARE AVAILABLE ON THE NGA
    MARITIME SAFETY INFORMATION WEBSITE AT:
    MSI.NGA.MIL/NAVWARNINGS.
    ALTERNATIVELY, THESE MAY BE REQUESTED BY E-MAIL
    FROM NGA AT NAVSAFETY@NGA.MIL.
3. CANCEL HYDROLANT 1273/25,1125/26,1424/26,1428/26, 1480/26.
290059Z JUL 26
HYDROLANT 1457/26.
SOUTH ATLANTIC.
1. HAZARDOUS OPERATIONS IN PROGRESS UNTIL
   060400Z JUN 27 IN AREA BOUND BY
   24-39.87S 042-29.30W, 24-39.78S 042-31.55W,
   24-38.97S 042-32.52W, 24-38.15S 042-31.55W,
   24-38.07S 042-29.30W, 24-38.97S 042-28.27W.
   TWO MILE BERTH REQUESTED.
2. CANCEL HYDROLANT 1456/26.
3. CANCEL THIS MSG 060500Z JUN 27."
,Daily Memo,,,"301327Z JUN 26
HYDROLANT 1279/26.
SOUTH ATLANTIC.
SOUTH PACIFIC.
ANTARCTICA.
1. ICEBERGS REPORTED IN: 
   A. A81, 62-24.00S 054-12.00W.
   B. A84, 72-21.00S 108-36.00W.
   C. A85, 66-13.20S 055-30.60W.
   D. D33A, 64-10.20S 055-47.40W.
   E. D33C, 63-37.80S 054-12.60W.
2. CANCEL THIS MSG 011327Z JUL 26."
,Daily Memo,,,"270101Z JUN 26
HYDROLANT 1258/26
SOUTH ATLANTIC.
BRAZIL. 
1. ODAS BUOY TEMPORARILY ESTABLISHED IN 
   32-14.29S 051-58.16W.
2. CANCEL THIS MSG 232200Z DEC 26."
,Daily Memo,,,"251022Z JUN 26
HYDROLANT 1235/26.
WESTERN MEDITERRANEAN SEA.
SPAIN.
1. HAZARDOUS OPERATIONS 290001Z TO 302359Z OCT 
   IN AREA BOUND BY
   38-30.60N 000-30.80E, 38-35.50N 000-46.40E,
   38-35.50N 001-06.60E, 38-13.00N 001-51.40E,
   37-43.60N 002-07.35E, 36-55.25N 000-06.05E,
   37-52.25N 000-06.55E.
2. CANCEL THIS MSG 310100Z OCT 26."
,Daily Memo,,,"170144Z JUN 26
HYDROLANT 1160/26.
1. UNDERWATER OPERATIONS IN PROGRESS UNTIL
   140001Z NOV BY M/V FUGRO VAQUITA
   IN AREA BOUND BY
   22-03.00S 037-06.48W, 20-27.24S 040-20.52W,
   22-59.46S 042-00.84W, 25-55.32S 040-11.58W.
   WIDE BERTH REQUESTED.
2. CANCEL HYDROLANT 1157/26.
3. CANCEL THIS MSG 150001Z NOV 26."
,Daily Memo,,,"041445Z JUN 26
HYDROLANT 1086/26.
BLACK SEA.
TURKEY.
1. PIPELINE OPERATIONS 05 JUN THRU 07 OCT 
   BY M/V ORUC REIS, M/V MUKAVEMET, M/V ZAGANOS PASA, 
   M/V DENAR EXPLORER, M/V ATAMAN, M/V DENAR PATHFINDER 
   AND M/V DENAR SURVEYOR IN AREA BOUND BY
   41-32.48N 031-56.63E, 41-37.27N 031-44.43E,
   41-54.04N 031-31.98E, 42-45.44N 031-10.79E,
   42-43.32N 030-45.37E, 42-30.76N 030-45.58E,
   42-30.30N 030-24.30E, 42-39.61N 030-14.64E,
   42-47.80N 030-34.44E, 42-49.30N 030-36.69E,
   42-56.74N 030-45.54E, 43-07.31N 031-09.44E,
   43-09.03N 031-38.13E, 43-04.17N 031-44.69E,
   42-57.10N 031-31.46E, 41-58.78N 031-37.39E,
   41-36.20N 032-06.45E.
   WIDE BERTH REQUESTED.
2. CANCEL THIS MSG 080001Z OCT 26."
,Daily Memo,,,"211425Z MAY 26
HYDROLANT 986/26.
GULF OF GUINEA.
NIGERIA.
DANGEROUS WRECK IN 04-18.50N 007-02.20E.
130327Z MAY 26
HYDROLANT 942/26.
SOUTH ATLANTIC.
BRAZIL.
1. ODAS BUOY ESTABLISHED IN 
   05-09.46S 035-09.81W.
2. CANCEL THIS MSG 080001Z NOV 26.
080631Z MAY 26
HYDROLANT 906/26.
SOUTH ATLANTIC.
BRAZIL.
1. ODAS BUOY BRAVO RN-L TEMPORARILY
   ESTABLISHED UNTIL 20 OCT
   IN 04-53.00S 035-46.01W.
2. CANCEL THIS MSG 210001Z OCT 26.
070125Z MAY 26
HYDROLANT 900/26.
SOUTH ATLANTIC.
BRAZIL.
1. TAMANDARE LIGHT 08-45.57S 035-06.08W
   UNLIT UNTIL 02 NOV.
2. CANCEL THIS MSG 030001Z NOV 26.
040844Z MAY 26
HYDROLANT 882/26.
SOUTH ATLANTIC.
BRAZIL.
1. MACEIO LIGHT 09-41.03S 035-43.38W 
   UNLIT UNTIL 31 OCT.
2. CANCEL THIS MSG 010001Z NOV 26.
230129Z APR 26
HYDROLANT 810/26.
SOUTH ATLANTIC.
BRAZIL.
1. YELLOW ODAS BUOY ESTABLISHED IN
   17-58.12S 038-41.48W UNTIL 19 OCT.
2. CANCEL THIS MSG 200001Z OCT 26.
020033Z APR 26
HYDROLANT 657/26.
SOUTH ATLANTIC.
BRAZIL.
1. RACON AT CABO SAO TOME LIGHT
   22-02.52S 041-03.17W OFF AIR UNTIL 28 SEP.
2. CANCEL HYDROLANT 1667/25.
3. CANCEL THIS MSG 290001Z SEP 26."
,Daily Memo,,,"310105Z MAR 26
HYDROLANT 638/26.
SOUTH ATLANTIC.
BRAZIL.
1. PONTA DOS MEROS LIGHT 23-13.57S 044-20.83W
   UNLIT UNTIL 26 SEP.
2. CANCEL HYDROLANT 635/26.
3. CANCEL THIS MSG 270001Z SEP 26."
,Daily Memo,,,"300928Z MAR 26
HYDROLANT 628/26.
SOUTH ATLANTIC.
BRAZIL.
1. ODAS BUOY ESTABLISHED IN 24-06.36S 045-38.78W.
2. CANCEL THIS MSG 250001Z SEP 26."
,Daily Memo,,,"300921Z MAR 26
HYDROLANT 627/26.
SOUTH ATLANTIC.
BRAZIL.
1. LAJE DA CONCEICAO LIGHT 24-14.18S 046-41.46W
   UNLIT UNTIL 24 SEP.
2. CANCEL THIS MSG 250001Z SEP 26."
,Daily Memo,,,"231913Z MAR 26
HYDROLANT 585/26.
NORTH ATLANTIC.
1. PAP ODAS BUOY RELOCATED TO 48-56.30N 016-22.50W.
2. CANCEL HYDROLANT 579/26."
,Daily Memo,,,"231040Z MAR 26
HYDROLANT 582/26.
SOUTH ATLANTIC.
BRAZIL.
1. FOUL GROUND UNTIL 06 DEC 27
   IN AREA BOUND BY
   19-53.87S 039-59.68W, 19-54.15S 039-59.27W,
   19-53.08S 039-58.45W, 19-52.80S 039-58.88W.
2. CANCEL THIS MSG 070001Z DEC 27."
,Daily Memo,,,"031741Z FEB 26
HYDROLANT 238/26(54).
AEGEAN SEA.
DNC 09.
1. HAZARDOUS OPERATIONS 0500Z TO 1500Z DAILY
   UNTIL 14 JUN AND 16 SEP THRU 31 DEC EXCEPT
   FRIDAYS, SATURDAYS, SUNDAYS, AND HOLIDAYS
   IN AREA BOUND BY
   39-26.00N 023-53.00E, 39-46.00N 023-40.00E,
   40-00.50N 024-18.00E, 39-43.00N 024-31.00E.
2. CANCEL THIS MSG 311600Z DEC 26."
,Daily Memo,,,"031744Z FEB 26
HYDROLANT 237/26(54).
AEGEAN SEA.
DNC 09.
1. MISSILE OPERATIONS 0530Z TO SUNSET DAILY EVERY
   WEDNESDAY THRU SATURDAY UNTIL 14 JUN AND
   16 SEB THRU 31 DEC IN AREAS:
   A. BOUND BY
      35-36.00N 024-07.00E, 36-18.00N 024-07.00E,
      36-18.00N 025-59.00E, 36-25.00N 026-12.00E,
      36-16.00N 026-40.00E, 35-36.00N 026-41.00E,
      35-31.00N 024-11.00E.
   B. WITHIN ONE MILE OF 35-32.00N 024-13.00E.
   C. WITHIN ONE MILE OF 35-36.33N 024-10.00E.
2. CANCEL THIS MSG 010001Z JAN 27."
,Daily Memo,,,"031737Z FEB 26
HYDROLANT 236/26(54).
AEGEAN SEA.
DNC 09.
1. HAZARDOUS OPERATIONS SUNRISE TO SUNSET
   DAILY UNTIL 14 JUN AND 16 SEP THRU 31 DEC
   IN AREA BOUND BY
   38-16.00N 025-21.00E, 37-46.00N 025-49.00E,
   37-34.00N 025-23.00E, 37-42.00N 025-01.00E,
   38-00.00N 024-52.00E, 38-02.00N 024-52.00E.
2. CANCEL THIS MSG 010001Z JAN 27."
,Daily Memo,,,"280113Z NOV 25
HYDROLANT 2010/25(24).
SOUTH ATLANTIC.
BRAZIL.
DNC 01.
1. UNDERWATER OPERATIONS 1000Z TO 2000Z DAILY 
   UNTIL 02 NOV 26 BY M/V FUGRO VAQUITA IN: 
   A. 22-26.32S 040-25.47W.
   B. 22-27.05S 040-24.71W.
   WIDE BERTH REQUESTED.
2. CANCEL THIS MSG 022100Z NOV 26."
,Daily Memo,,,"070116Z OCT 25
HYDROLANT 1668/25(55).
BLACK SEA.
TURKEY.
DNC 10.
1. PIPELINE OPERATIONS IN PROGRESS UNTIL
   07 OCT 26 BY M/V MUKAVEMET, M/V ORUC REÄ°S,
   M/V DINA POLARIS, M/V ZAGANOS PASA
   AND M/V ATAMAN IN AREA BOUND BY
   43-04.17N 031-44.69E, 42-57.10N 031-31.46E,
   43-09.03N 031-38.13E, 42-45.44N 031-10.79E,
   43-07.31N 031-09.44E, 42-56.74N 030-45.54E,
   42-49.30N 030-36.69E, 42-43.32N 030-45.37E,
   42-47.80N 030-34.44E, 42-39.61N 030-14.64E,
   42-30.76N 030-45.58E, 42-30.30N 030-24.30E,
   41-54.04N 031-31.98E, 41-37.27N 031-44.43E,
   41-32.48N 031-56.63E, 41-58.78N 031-37.39E,
   41-36.20N 032-06.45E.
   WIDE BERTH REQUESTED.
2.  CANCEL THIS MSG 080001Z OCT 26."
,Daily Memo,,,"190115Z JUL 25
HYDROLANT 1213/25(24).
SOUTH ATLANTIC.
BRAZIL.
DNC 01.
DEPTHS LESS THAN CHARTED IN AREAS BOUND BY:
   A. 02-10.17S 044-09.21W, 02-10.31S 044-09.39W,
      02-10.35S 044-09.34W, 02-10.21S 044-09.17W.
   B. 02-10.49S 044-09.03W, 02-10.52S 044-09.07W,
      02-10.55S 044-09.04W, 02-10.52S 044-09.00W.
   C. 02-10.70S 044-09.10W, 02-10.77S 044-09.16W,
      02-10.84S 044-09.04W, 02-10.77S 044-08.99W."
,Daily Memo,,,"171751Z JUL 25
HYDROLANT 1204/25.
CANCELLED ELECTRONIC NAVIGATIONAL CHART (ENC) 
ADVISORY.
USERS OF NGA ENC PRODUCTS ARE ADVISED OF 
POTENTIAL UNINTENDED ECDIS BEHAVIOR WHEN 
PROCESSING CANCELLED CHARTS, INCLUDING 
REINSTALLATION OF RECENTLY CANCELLED CHARTS ON 
SOME SYSTEMS WITHOUT OBVIOUS ERROR OR 
WARNING MESSAGES.
NGA HAS CONFIRMED THIS ISSUE AFFECTS NAVY VMS 9.5 AND
RAYTHEON ANSCHUTZ SYNAPSIS NX SYSTEMS. THIS ISSUE DOES NOT
AFFECT NAVY ECDIS. OTHER SYSTEMS ARE CURRENTLY UNASSESSED.
USERS MAY REFERENCE NGA'S ENC CATALOG (GLOBAL 
OR REGIONAL PRODUCT LISTINGS) FOR A LIST OF 
CANCELLED CHARTS WHICH SHOULD BE UNINSTALLED 
FROM ECDIS.
NGA'S GLOBAL ENC CATALOG IS AVAILABLE ON
HTTPS://MCDP.NGA.MIL, WITH REGIONAL ENC PRODUCT 
LISTING SPREADSHEETS CONTAINED WITHIN EACH
REGION'S ZIP ON ESYNC, NGA'S WEBSITES, AND 
WORLDCOVER DVD.
USERS MAY FILTER PRODUCT LISTINGS FOR EDITION OF 
CXL AND SORT BY ISSUE DATE TO SEE MOST RECENT 
CANCELLATIONS.
CHARTS CANCELLED WITHIN THE LAST 90 DAYS ARE 
ACTIVELY DISSEMINATED BY NGA AND MOST LIKELY 
CANDIDATES FOR INADVERTENT REINSTALLATION.
NGA IS CONSULTING WITH THE USER COMMUNITY TO 
ASSESS POSSIBLE CHANGES TO THE CANCELLED CHART 
DISSEMINATION PROCESS TO MITIGATE THIS POTENTIAL
UNINTENDED ECDIS BEHAVIOR."
,Daily Memo,,,"310202Z MAY 25
HYDROLANT 915/25(24).
WESTERN SOUTH ATLANTIC.
DNC 01.
1. 18.3 METER DEPTH REPORTED IN 20-35.71S 034-46.07W.
2. CANCEL HYDROLANT 580/25."
,Daily Memo,,,"281512Z FEB 25
HYDROLANT 361/25(55).
BLACK SEA.
DNC 10.
1. MINES ADRIFT REPORTED IN NORTHWESTERN,
   WESTERN AND SOUTHWESTERN BLACK SEA.
   VESSELS IN VICINITY ARE ADVISED TO EXERCISE
   EXTREME CAUTION.
2. CANCEL HYDROLANT 789/22."
,Daily Memo,,,"170957Z JAN 25
HYDROLANT 87/25(GEN).
EASTERN SOUTH ATLANTIC.
SOUTHWESTERN INDIAN OCEAN.
SOUTH AFRICA.
DNC 01.
CAPE TOWN RADIO E-MAIL UNUSABLE UNTIL FURTHER 
NOTICE. FOR ASSISTANCE CONTACT NAVAREA VII,
E-MAIL: MARITIMERADIO@TELKOM.CO.ZA, 
MARITIMERADIO@GMAIL.COM."
,Daily Memo,,,"301238Z DEC 24
HYDROLANT 2607/24(55).
BLACK SEA.
ROMANIA.
DNC 10.
1. UNDERWATER OPERATIONS 05 JAN 25 THRU 31 DEC 26
   IN AREA BOUND BY
   44-04.40N 030-34.13E, 44-02.40N 030-30.50E,
   43-51.87N 030-41.07E, 43-48.68N 030-44.33E,
   43-50.73N 030-50.38E, 44-02.77N 030-37.85E,
   44-04.67N 030-37.88E.
   WIDE BERTH REQUESTED.
2. CANCEL THIS MSG 010001Z JAN 27."
,Daily Memo,,,"071356Z NOV 24
HYDROLANT 2306/24(56).
EASTERN MEDITERRANEAN SEA.
CYPRUS.
DNC 10.
ODAS BUOY 33-33.41N 031-55.09E REPORTED MISSING."
,Daily Memo,,,"301508Z SEP 24
HYDROLANT 2088/24(55).
BLACK SEA.
ROMANIA.
DNC 10.
1. DUE TO THE PRESENCE OF MINES, ALL VESSELS
   APPROACHING AND DEPARTING ROMANIAN PORTS ARE
   ENCOURAGED TO USE THE FOLLOWING RECOMMNEDED
   TRACKS:
   A. PORT OF MANGALIA ALONG TRACKLINE JOINING
      43-47.59N 028-50.86E, 43-47.50N 028-37.61E.
   B. PORT OF NAVODARI ALONG TRAKLINE JOINING
      43-47.59N 028-50.86E, 44-11.33N 028-50.86E,
      44-15.52N 028-45.04E.
   C. ENTRANCE TO PORT OF CONSTANTA TRAFFIC 
      SEPERATION SCHEME ALONG TRACKLINE JOINING
      43-47.59N 028-50.86E, 43-58.79N 028-50.86E.
   D. EXIT FROM PORT OF CONSTANTA TRAFFIC 
      SEPERATION SCHEME ALONG TRACKLINE JOINING
      43-56.75N 028-50.86E, 43-47.59N 028-50.86E.
   E. PORT OF SULINA ALONG TRACKLINE JOINING
      43-47.59N 028-50.86E, 44-00.57N 028-50.87E,
      44-26.93N 029-43.20E, 44-36.49N 029-52.56E,
      45-05.89N 029-52.56E, 45-08.04N 029-47.58E.
2. VESSELS ARE REQUESTED TO IMMEDIATELY REPORT
   SIGHTINGS OF MINES OR MINE-LIKE OBJECTS TO:
   A. ROMANIAN MARITIME HYDROGRAPHIC DIRECTORATE,
      PHONE: 402 4165 1040, EMAIL: NTM@DHMFN.RO.
   B. MRCC CONSTANTA, PHONE: 402 4161 5949,
      EMAIL: MRCC@RNA.RO.
   C. ROMANIAN COAST GUARD, PHONE: 424 164 1188,
      EMAIL: SCOMAR@MAI.GOV.RO."
,Daily Memo,,,"161213Z SEP 24
HYDROLANT 2005/24(55).
BLACK SEA.
ROMANIA.
DNC 10.
FOG SIGNAL AT CONSTANTA OUTER HARBOR LIGHT
44-08.61N 028-40.37E INOPERATIVE."
,Daily Memo,,,"021532Z APR 24
HYDROLANT 682/24(55).
BLACK SEA.
UKRAINE.
DNC 10.
1. UKRAINIAN COASTAL WARNING COORDINATOR HAS 
   DECLARED THE FOLLOWING COASTAL APROACH 
   INSTRUCTIONS FOR ENTRY OR DEPARTURE IN UKRAINIAN 
   PORTS 0200Z TO 1700Z DAILY UNTIL FUTHER NOTICE.
2. ROUTES TO THE PORTS OF UKRAINE:
   A. ROUTE FOR VESSELS WITH A DRAFT OF UP TO
      EIGHT METERS WITHIN THREE MILES OF
      TRACKLINE JOINING
      45-05.00N 030-03.00E, 45-14.00N 030-01.00E,
      45-39.00N 030-05.70E, 45-47.80N 030-22.70E.
   B. ROUTE FOR VESSELS WITH A DRAFT OF 
      UP TO EIGHT METERS WITHIN ONE MILE OF
      TRACKLINE JOINING
      45-47.80N 030-22.70E, 45-58.86N 030-30.79E,
      46-03.40N 030-32.60E, 46-10.81N 030-40.84E,
      46-19.84N 030-48.00E, 46-25.38N 030-53.23E.
   C. TWO-WAY ROUTE FOR VESSELS WITH DRAFT UP TO 12
      METERS WITHIN THREE MILES OF TRACKLINE JOINING
      45-05.00N 030-03.00E, 45-14.00N 030-01.00E,
      45-39.00N 030-05.70E, 46-00.00N 030-57.80E,
      46-02.80N 031-04.40E, 46-19.30N 031-04.40E,
      46-26.30N 030-53.90E.
   D. TWO-WAY ROUTE FOR VESSELS OVER 12 METERS
      DRAFT WITHIN THREE MILES OF TRACKLINE JOINING
      45-03.90N 030-18.50E, 45-33.80N 030-36.90E,
      46-00.00N 030-57.80E, 46-02.80N 031-04.40E,
      46-19.30N 031-04.40E, 46-26.30N 030-53.90E.
   E. SOUTHERN TEMPORARY WAITING AREA FOR VESSELS
      GOING TO THE PORTS OF CHORNOMORSK, ODESA,
      OR PIVDENNYI MAY BE USED TO WAIT FOR
      TRANSITING THE ROUTES DURING ALLOWED TIMES
      IN AREA BOUND BY
      45-00.00N 030-10.00E, 44-55.00N 030-25.00E,
      44-50.00N 030-25.00E, 44-50.00N 030-10.00E.
   F. NORTHERN HOLDING AREA AR 354 USED FOR SHORT
      STAYING VESSELS IN EMERGENCY CASES
      IN AREA BOUND BY
      46-29.98N 030-50.37E, 46-30.48N 030-53.90E,
      46-25.38N 030-53.90E, 46-25.38N 030-52.60E.
   G. CHORNOMORSK TO NORTHERN HOLDING AREA CHANNEL
      WITHIN 200 METERS OF TRACKLINE JOINING
      46-25.38N 030-52.60E, 46-22.00N 030-47.70E,
      46-21.55N 030-46.29E, 46-20.00N 030-42.70E,
      46-18.84N 030-41.81E, 46-19.12N 030-40.60E.
   H. ODESA TO NORTHERN HOLDING AREA CHANNEL
      WITHIN 200 METERS OF TRACKLINE JOINING
      46-30.00N 030-50.51E, 46-30.00N 030-46.40E,
      46-29.90N 030-46.04E, 46-29.99N 030-44.54E.
   I. PIVDENNYI TO NORTHERN HOLDING AREA CHANNEL
      WITHIN 200 METERS OF TRACKLINE JOINING
      46-30.48N 030-53.90E, 46-31.84N 030-53.90E,
      46-33.36N 031-00.06E, 46-36.19N 031-01.00E.
3. CANCEL HYDROLANT 603/23."
,Daily Memo,,,"270036Z OCT 23
HYDROLANT 2452/23(55).
BLACK SEA.
UKRAINE.
DNC 10.
MINING OPERATIONS IN PROGRESS UNTIL FURTHER NOTICE
IN AREAS BOUND BY:
A. 46-22.50N 030-45.10E, 46-20.20N 030-53.10E,
   46-11.90N 030-47.10E, 46-14.10N 030-40.00E,
   46-04.70N 030-31.30E, 46-04.60N 030-28.40E.
B. 46-04.40N 030-28.40E, 46-04.50N 030-31.10E,
   45-58.00N 030-28.00E, 45-48.10N 030-18.30E,
   45-38.40N 029-59.90E, 45-31.30N 029-46.80E,
   45-29.50N 029-44.80E, 45-28.60N 029-36.50E."
,Daily Memo,,,"071540Z SEP 23
HYDROLANT 2017/23(55).
BLACK SEA.
ROMANIA.
DNC 10.
MINES REPORTED IN AREA WITHIN FIVE MILES
OF 45-07.10N 030-09.70E."
,Daily Memo,,,"MSGID/GENADMIN/NGA NAVSAFETY WASHINGTON DC//
RMKS/
HYDROLANT 838/22(55).
BLACK SEA.
UKRAINE.
DNC 10.
1. HAZARDOUS OPERATIONS IN PROGRESS UNTIL FURTHER
   NOTICE IN AREA BOUND BY
   45-05N 033-33E, 45-59N 033-51E,
   47-00N 031-43E, 46-19N 029-55E,
   45-05N 029-17E.
2. CANCEL HYDROLANT 814/22."
,Daily Memo,,,"MSGID/GENADMIN/NGA NAVSAFETY WASHINGTON DC//
RMKS/
HYDROLANT 564/22(55).
BLACK SEA.
UKRAINE.
DNC 10.
MINING OPERATIONS IN PROGRESS UNTIL FURTHER NOTICE
IN AREAS BOUND BY:
A. 46-04.0N 033-12.8E, 46-03.1N 033-13.9E,
   45-55.6N 033-08.1E, 45-57.3N 032-54.5E,
   46-00.9N 033-06.8E.
B. 46-06.4N 032-05.4E, 45-57.4N 032-53.3E,
   45-49.2N 032-47.0E, 45-59.7N 032-02.4E.
C. 46-09.4N 032-06.6E, 46-07.0N 032-05.5E,
   45-58.2N 032-54.2E, 45-59.5N 033-05.5E,
   46-00.9N 033-05.5E, 46-00.9N 033-04.8E.
D. 46-32.4N 031-01.2E, 46-32.6N 031-26.3E,
   46-28.0N 031-27.9E, 46-27.9N 031-00.8E.
E. 46-22.2N 031-31.9E, 46-36.6N 031-31.6E,
   46-36.0N 031-00.1E, 46-31.5N 030-44.4E."
,Daily Memo,,,"To receive Broadcast Warning messages via email, go to
msi.nga.mil and click on the 'NAVIGATION WARNINGS' button
under the 'Subscription Services' section.
The In-Force Navigational Warnings obtained via this
service and the availability of Navigational Warnings
via alternate NGA subscription services does not relieve
Masters / Captains of the requirement to receive
Navigational Warnings through IMO approved broadcast
services in accordance with the provisions of the
International Convention for the Safety of Life at
Sea (SOLAS). This information is provided as a
supplement to those approved services."
,Daily Memo,,,"171301Z SEP 26
HYDROPAC 2692/26
STRAIT OF HORMUZ.
OMAN.
M/V TREND SUFFERED A SECURITY INCIDENT 
AND ANCHORED IN 26-25.60N 056-24.00E.
VESSELS ARE ADVISED TO KEEP CLEAR OF THIS
POSITION AND TO EXERCISE EXTREME CAUTION."
,Daily Memo,,,"170926Z SEP 26
HYDROPAC 2691/26.
SEA OF JAPAN.
RUSSIA.
1. SURVEY OPERATIONS 210001Z TO 211200Z 
   AND 251400Z TO 261000Z SEP IN AREA 
   WITHIN FIVE MILES OF 42-31.00N 131-53.00E.
   WIDE BERTH REQUESTED.
2. CANCEL THIS MSG 261100Z SEP 26."
,Daily Memo,,,"170603Z SEP 26
HYDROPAC 2689/26.
SOUTH PACIFIC.
CHILE.
1. HAZARDOUS OPERATIONS 211100Z TO 211500Z SEP
   IN AREA BOUND BY
   40-05.00S 074-08.00W, 40-05.00S 073-55.00W,
   40-15.00S 073-55.00W, 40-15.00S 074-08.00W.
2. CANCEL THIS MSG 211600Z SEP 26."
,Daily Memo,,,"151951Z SEP 26
HYDROPAC 2688/26.
NORTH PACIFIC.
1. HAZARDOUS OPERATIONS, SPACE DEBRIS
   1427Z TO 1833Z DAILY 22 THRU 28 SEP
   IN AREAS BOUND BY:
   A. 23-55.00N 144-37.00E, 26-07.00N 151-14.00E,
      27-41.00N 156-20.00E, 29-25.00N 165-03.00E,
      30-26.00N 172-41.00E, 29-41.00N 176-14.00E,
      29-13.00N 170-10.00E, 28-28.00N 164-59.00E,
      26-39.00N 156-15.00E, 23-28.00N 144-48.00E.
   B. 23-46.00N 156-11.00W, 24-52.00N 159-19.00W,
      27-38.00N 167-49.00W, 29-25.00N 175-00.00W,
      29-45.00N 176-35.00W, 29-49.00N 180-00.00W,
      30-56.00N 180-00.00W, 31-11.00N 175-00.00W,
      31-17.00N 171-29.00W, 30-33.00N 161-15.00W,
      29-37.00N 155-40.00W, 28-49.00N 151-35.00W,
      26-53.00N 145-26.00W, 26-50.00N 145-28.00W,
      24-03.00N 154-32.00W, 23-46.00N 156-11.00W.
2. CANCEL THIS MSG 281933Z SEP 26."
,Daily Memo,,,"150900Z SEP 26
HYDROPAC 2687/26.
INDIAN OCEAN.
1. HAZARDOUS OPERATIONS, SPACE DEBRIS
   1223Z TO 1447Z DAILY 22 THRU 28 SEP
   IN AREA BOUND BY
   24-36.00S 072-06.00E, 23-03.00S 076-59.00E,
   21-45.00S 080-57.00E, 18-56.00S 087-42.00E,
   16-14.00S 093-37.00E, 15-16.00S 095-26.00E,
   15-18.00S 095-31.00E, 15-25.00S 095-50.00E,
   15-30.00S 096-12.00E, 15-34.00S 096-34.00E,
   15-34.00S 097-02.00E, 15-33.00S 097-14.00E,
   15-30.00S 097-33.00E, 15-28.00S 097-42.00E,
   15-26.00S 097-50.00E, 15-24.00S 097-58.00E,
   15-22.00S 098-03.00E, 15-19.00S 098-11.00E,
   15-18.00S 098-14.00E, 15-56.00S 098-31.00E,
   17-04.00S 096-38.00E, 19-56.00S 091-02.00E,
   23-02.00S 084-06.00E, 24-59.00S 079-06.00E,
   27-04.00S 073-18.00E.
2. CANCEL THIS MSG 281547Z SEP 26."
,Daily Memo,,,"150834Z SEP 26
HYDROPAC 2686/26.
SOUTH PACIFIC.
FRENCH POLYNESIA.
PITCAIRN ISLANDS.
1. HAZARDOUS OPERATIONS, SPACE DEBRIS
   2107Z TO 0108Z DAILY 22 THRU 28 SEP
   IN AREA BOUND BY
   19-51.00S 149-00.00W, 19-23.00S 148-49.00W,
   24-58.00S 133-10.00W, 26-10.00S 129-09.00W,
   27-34.00S 123-03.00W, 28-11.00S 118-33.00W,
   28-45.00S 112-39.00W, 28-18.00S 111-00.00W,
   28-26.00S 103-26.00W, 26-55.00S 101-39.00W,
   26-32.00S 099-12.00W, 25-17.00S 091-56.00W,
   23-54.00S 083-47.00W, 27-17.00S 082-49.00W,
   30-21.00S 082-47.00W, 31-02.00S 085-34.00W,
   30-38.00S 087-34.00W, 30-58.00S 093-06.00W,
   31-31.00S 102-06.00W, 31-15.00S 106-53.00W,
   30-36.00S 113-01.00W, 29-19.00S 119-18.00W,
   28-06.00S 125-06.00W, 26-11.00S 132-50.00W.
2. CANCEL THIS MSG 290208Z SEP 26."
,Daily Memo,,,"160827Z SEP 26
HYDROPAC 2685/26.
NORTH PACIFIC.
PHILIPPINE SEA.
GUAM.
1. HAZARDOUS OPERATIONS 0100Z TO 1300Z 
   DAILY 22 THRU 24 SEP IN AREAS WITHIN 
   THREE MILES OF:
   A. 13-27.00N 145-08.00E.
   B. 13-42.00N 144-36.00E.
2. CANCEL THIS MSG 241400Z SEP 26."
,Daily Memo,,,"170029Z SEP 26
HYDROPAC 2684/26.
SOUTH CHINA SEA.
INDONESIA.
1. VESSEL BOARDED BY FOUR ARMED PIRATES
   IN 01-07.09N 103-31.06E AT 162046Z SEP.
   VESSELS ARE ADVISED TO KEEP CLEAR OF THIS 
   POSITION AND TO EXERCISE EXTREME CAUTION.
2. CANCEL THIS MSG 200029Z SEP 26."
,Daily Memo,,,"170011Z SEP 26
HYDROPAC 2683/26.
SOUTH CHINA SEA.
INDONESIA.
1. CABLE OPERATIONS IN PROGRESS UNTIL
   FURTHER NOTICE BY CABLESHIP PETER FABER
   ALONG TRACKLINE JOINING
   02-04.23N 104-47.97E, 02-04.84N 104-47.94E.
   WIDE BERTH REQUESTED.
2. CANCEL HYDROPAC 2642/26."
,Daily Memo,,,"162128Z SEP 26
HYDROPAC 2681/26.
SOUTH PACIFIC.
1. HAZARDOUS OPERATIONS, SPACE DEBRIS
   0800Z TO 2100Z DAILY 17 THRU 21 SEP
   IN AREAS BOUND BY:
   A. 59-42.36S 165-49.12E, 59-42.36S 180-00.00E,
      62-33.00S 180-00.00E, 62-33.00S 165-49.12E.
   B. 59-42.36S 180-00.00W, 58-39.52S 161-41.03W,
      57-28.48S 126-01.12W, 60-23.24S 122-04.48W,
      61-31.54S 161-16.01W, 62-33.00S 180-00.00W.
2. CANCEL THIS MSG 212200Z SEP 26."
,Daily Memo,,,"161032Z SEP 26
HYDROPAC 2677/26
ARABIAN SEA.
GULF OF KHAMBHAT.
INDIA.
1. SURVEY OPERATIONS 17 SEP THRU 15 OCT
   BY M/V FUGRO MAPPER
   IN AREAS BOUND BY:
   A. 20-22.00N 071-18.00E, 20-28.00N 072-28.00E,
      20-01.00N 072-28.00E, 20-02.00N 071-20.00E.
   B. 19-41.00N 071-07.00E, 19-41.00N 071-36.00E,
      19-12.00N 071-36.00E, 19-13.00N 071-06.00E.
   C. 19-24.00N 071-56.00E, 19-24.00N 072-16.00E,
      19-09.00N 072-16.00E, 19-09.00N 071-56.00E.
   D. 18-36.00N 072-11.00E, 18-36.00N 072-19.00E,
      18-30.00N 072-19.00E, 18-30.00N 072-10.00E.
   WIDE BERTH REQUESTED.
2. CANCEL THIS MSG 160001Z OCT 26."
,Daily Memo,,,"160947Z SEP 26
HYDROPAC 2676/26.
SEA OF OKHOTSK.
RUSSIA.
1. SURVEY OPERATIONS IN PROGRESS UNTIL 
   25 OCT BY M/V FYODOR KOVROV
   IN AREA BOUND BY
   59-06.00N 149-22.70E, 59-06.00N 150-12.00E,
   58-58.00N 150-12.00E, 58-58.00N 151-00.00E,
   58-47.30N 151-00.00E, 58-47.50N 151-14.50E,
   58-10.80N 151-14.50E, 58-10.80N 151-45.00E,
   57-39.70N 151-45.00E, 57-39.70N 150-59.70E,
   57-45.20N 150-59.70E, 57-45.20N 149-22.70E.
   ONE MILE BERTH REQUESTED.
2. CANCEL THIS MSG 260001Z OCT 26."
,Daily Memo,,,"160836Z SEP 26
HYDROPAC 2674/26.
NORTH PACIFIC.
GUAM.
1. HAZARDOUS OPERATIONS 210300Z TO 210500Z 
   AND 250100Z TO 250300Z SEP 
   IN AREA BOUND BY
   13-24.75N 144-38.30E, 13-24.92N 144-38.55E,
   13-25.75N 144-38.00E, 13-25.58N 144-37.75E.
2. CANCEL THIS MSG 250400Z SEP 26."
,Daily Memo,,,"160429Z SEP 26
HYDROPAC 2672/26.
SOUTH PACIFIC.
CHILE.
RACON AT ISLA FALGATE LIGHT 52-54.90S 073-49.80W
INOPERATIVE."
,Daily Memo,,,"151415Z SEP 26
HYDROPAC 2670/26.
EASTERN INDIAN OCEAN.
AUSTRALIA.
CABLE OPERATIONS
IN PROGRESS UNTIL FURTHER NOTICE
BY M/V NEXANS AURORA IN VICINTY OF
TRACKLINE JOINING 
19-52.44S 114-36.29E,
20-41.30S 115-24.58E.
ONE MILE BERTH REQUESTED."
,Daily Memo,,,"151244Z SEP 26
HYDROPAC 2668/26.
SEA OF OKHOTSK.
RUSSIA.
1. SURVEY OPERATIONS IN PROGRESS UNTIL 25 OCT
   BY M/V FYODOR KOVROV
   IN AREA BOUND BY
   53-55.97N 142-53.27E, 53-55.75N 142-58.09E,
   53-35.98N 143-12.25E, 53-35.66N 143-26.87E,
   53-48.05N 143-30.95E, 53-57.13N 143-40.05E,
   53-56.60N 143-57.65E, 53-24.17N 143-58.15E,
   53-24.40N 143-09.50E.
   ONE MILE BERTH REQUESTED.
2. CANCEL HYDROPAC 2652/26.
3. CANCEL THIS MSG 260001Z OCT 26."
,Daily Memo,,,"151133Z SEP 26
HYDROPAC 2665/26.
BAY OF BENGAL.
INDIA.
1. HAZARDOUS OPERATIONS 0330Z TO 0730Z DAILY
   18 AND 19 SEP IN AREA BOUND BY
   20-35.73N 086-55.12E, 20-48.37N 087-02.58E,
   20-48.77N 087-07.40E, 20-37.55N 087-17.08E,
   17-28.40N 088-40.73E, 17-15.73N 086-06.92E.
2. CANCEL THIS MSG 190830Z SEP 26."
,Daily Memo,,,"150716Z SEP 26
HYDROPAC 2662/26.
SOUTH PACIFIC.
NEW ZEALAND.
1. HAZARDOUS OPERATIONS 0115Z TO 2330Z 
   DAILY 19 SEP THRU 01 OCT:
   A. ROCKET LAUNCHING IN AREA BOUND BY
      39-12.00S 177-46.20E, 39-07.80S 178-18.00E,
      39-19.20S 178-18.00E, 39-22.80S 177-48.00E,
      39-15.00S 177-45.00E.
   B. SPACE DEBRIS IN AREA BOUND BY
      37-51.00S 178-18.00W, 37-00.00S 172-42.02W,
      38-54.00S 172-06.00W, 39-42.00S 177-48.00W.
2. CANCEL THIS MSG 020030Z OCT 26."
,Daily Memo,,,"150659Z SEP 26
HYDROPAC 2661/26.
SOUTH PACIFIC.
1. HAZARDOUS OPERATIONS, SPACE DEBRIS
   0001Z TO 2330Z DAILY 19 SEP THRU 01 OCT   
   IN AREAS BOUND BY:
   A. 37-51.00S 178-18.00W, 37-00.00S 172-42.02W,
      38-54.00S 172-06.00W, 39-42.00S 177-48.00W.
   B. 35-45.60S 166-57.00W, 34-24.00S 160-06.00W,
      36-33.00S 159-18.00W, 37-58.20S 166-20.40W.
2. CANCEL THIS MSG 020030Z OCT 26."
,Daily Memo,,,"150619Z SEP 26
HYDROPAC 2660/26.
EASTERN INDIAN OCEAN.
AUSTRALIA.
1. UNDERWATER OPERATIONS IN PROGRESS UNTIL 
   FURTHER NOTICE BY CABLESHIP LODBROG
   IN AREA BOUND BY
   31-17.96S 115-14.72E, 31-49.84S 115-14.72E,
   31-49.84S 115-22.53E, 31-17.96S 115-22.53E.
   ONE MILE BERTH REQUESTED.
2. CANCEL HYDROPAC 2531/26."
,Daily Memo,,,"150548Z SEP 26
HYDROPAC 2659/26.
NORTH PACIFIC.
PHILIPPINE SEA.
NORTHERN MARIANA ISLANDS.
1. HAZARDOUS OPERATIONS 172200Z TO 181300Z SEP
   IN AREA BOUND BY
   17-00.00N 145-04.98E, 17-00.00N 147-00.00E,
   16-09.47N 148-09.77E, 14-45.00N 148-00.00E,
   14-16.00N 146-25.00E, 15-25.00N 146-25.00E,
   15-40.37N 146-12.03E, 15-43.60N 145-27.77E.
2. CANCEL THIS MSG 181400Z SEP 26."
,Daily Memo,,,"150351Z SEP 26
HYDROPAC 2656/26.
SOUTH PACIFIC.
1. HAZARDOUS OPERATIONS, SPACE DEBRIS
   200334Z TO 200812Z, 210320Z TO 210758Z, 
   220305Z TO 220743Z, 230251Z TO 230729Z, 
   240237Z TO 240715Z, 250222Z TO 250700Z 
   AND 260208Z TO 260646Z SEP 
   IN AREA BOUND BY
   27-59.00S 122-44.00W, 27-09.00S 120-43.00W,
   38-21.00S 115-04.00W, 49-09.00S 107-22.00W,
   59-09.00S 095-34.00W, 59-58.00S 099-05.00W,
   44-34.00S 114-13.00W.
2. CANCEL THIS MSG 260746Z SEP 26."
,Daily Memo,,,"141957Z SEP 26
HYDROPAC 2654/26.
SOUTH PACIFIC.
PERU.
1. GUNNERY EXERCISES 180200Z TO 230800Z SEP
   IN AREA BOUND BY
   11-00.00S 078-08.00W, 11-00.00S 077-39.00W,
   11-35.00S 077-10.00W, 11-35.00S 078-08.00W.
2. CANCEL THIS MSG 230900Z SEP 26."
,Daily Memo,,,"141942Z SEP 26
HYDROPAC 2653/26.
GULF OF OMAN.
U.A.E.
1. UNDERWATER OPERATIONS IN PROGRESS
   UNTIL 17 SEP BY M/V HUA XING LONG
   IN 25-11.30N 056-24.40E.
   ONE MILE BERTH REQUESTED.
2. CANCEL THIS MSG 180001Z SEP 26."
,Daily Memo,,,"131538Z SEP 26
HYDROPAC 2646/26
JAVA SEA.
INDONESIA.
DANGEROUS WRECK IN 04-32.53S 114-01.60E."
,Daily Memo,,,"130911Z SEP 26
HYDROPAC 2645/26
SEA OF OKHOTSK.
RUSSIA.
1. SURVEY OPERATIONS IN PROGRESS UNTIL 25 OCT
   BY M/V FYODOR KOVROV IN AREA BOUND BY
   59-04.00N 142-31.30E, 59-04.00N 146-50.00E,
   58-28.16N 146-50.01E, 57-48.55N 145-30.15E,
   57-40.20N 145-14.19E, 57-39.02N 142-34.33E.
   ONE MILE BERTH REQUESTED.
2. CANCEL THIS MSG 260001Z OCT 26."
,Daily Memo,,,"090736Z SEP 26
HYDROPAC 2644/26.
NORTH PACIFIC.
GUAM.
1. HAZARDOUS OPERATIONS 180400Z TO 180600Z SEP
   IN AREA BOUND BY
   13-10.00N 144-30.00E, 13-10.00N 144-41.98E,
   12-49.98N 144-45.00E, 11-00.00N 144-45.00E,
   11-00.00N 143-00.00E, 11-45.00N 143-00.00E,
   12-49.98N 144-30.00E.
2. CANCEL THIS MSG 180700Z SEP 26."
,Daily Memo,,,"121514Z SEP 26
HYDROPAC 2639/26
ARABIAN SEA.
INDIA.
1. HAZARDOUS OPERATIONS 170230 THRU 260730Z SEP
   IN AREA BOUND BY
   15-53.00N 072-20.00E, 16-02.00N 072-50.00E,
   15-15.00N 073-10.00E, 15-08.00N 072-40.00E.
2. CANCEL THIS MSG 260830Z SEP 26."
,Daily Memo,,,"121259Z SEP 26
HYDROPAC 2638/26
BAY OF BENGAL.
BANGLADESH.
1. HAZARDOUS OPERATIONS 0100Z TO 1600Z DAILY
   17 THRU 26 SEP IN AREA BOUND BY
   22-23.30N 091-45.43E, 22-26.00N 091-39.00E,
   22-23.00N 091-38.00E, 22-20.70N 091-37.80E,
   22-20.45N 091-45.43E.
2. CANCEL THIS MSG 261700Z SEP 26."
,Daily Memo,,,"111910Z SEP 26
HYDROPAC 2635/26.
SOUTH PACIFIC.
PERU.
1. GUNNERY EXERCISES 160200Z SEP TO 210800Z SEP
   IN AREA BOUND BY
   12-54.00S 078-13.00W, 12-54.00S 077-13.00W,
   13-54.00S 077-13.00W, 13-54.00S 078-13.00W.
2. CANCEL THIS MSG 210900Z SEP 26."
,Daily Memo,,,"111523Z SEP 26
HYDROPAC 2633/26.
1. HYDROPAC WARNINGS IN FORCE AS OF 111523Z SEP. 
   ALL THE INFORCE WARNINGS ARE LISTED HERE.
   2632/2026, 2631/2026, 2630/2026, 2629/2026,
   2628/2026, 2627/2026, 2626/2026, 2622/2026,
   2620/2026, 2619/2026, 2618/2026, 2617/2026,
   2616/2026, 2615/2026, 2614/2026, 2613/2026,
   2612/2026, 2611/2026, 2606/2026, 2603/2026,
   2601/2026, 2600/2026, 2597/2026, 2596/2026,
   2595/2026, 2594/2026, 2593/2026, 2592/2026,
   2591/2026, 2590/2026, 2583/2026, 2580/2026,
   2578/2026, 2577/2026, 2570/2026, 2569/2026,
   2558/2026, 2557/2026, 2556/2026, 2554/2026,
   2553/2026, 2552/2026, 2551/2026, 2547/2026,
   2542/2026, 2532/2026, 2531/2026, 2529/2026,
   2528/2026, 2527/2026, 2522/2026, 2513/2026,
   2506/2026, 2504/2026, 2501/2026, 2492/2026,
   2483/2026, 2482/2026, 2478/2026, 2472/2026,
   2459/2026, 2457/2026, 2455/2026, 2450/2026,
   2438/2026, 2429/2026, 2426/2026, 2417/2026,
   2373/2026, 2362/2026, 2353/2026, 2288/2026,
   2281/2026, 2280/2026, 2273/2026, 2269/2026,
   2250/2026, 2249/2026, 2241/2026, 2238/2026,
   2209/2026, 2200/2026, 2188/2026, 2144/2026,
   2092/2026, 2075/2026, 2039/2026, 2014/2026,
   2011/2026, 1978/2026, 1931/2026, 1906/2026,
   1903/2026, 1892/2026, 1883/2026, 1873/2026,
   1869/2026, 1864/2026, 1796/2026, 1794/2026,
   1772/2026, 1768/2026, 1585/2026, 1567/2026,
   1516/2026, 1493/2026, 1291/2026, 1237/2026,
   1203/2026, 1134/2026, 1052/2026, 974/2026,
   957/2026, 808/2026, 627/2026, 622/2026, 598/2026,
   540/2026, 473/2026, 379/2026, 292/2026, 241/2026,
   10/2026.
   2558/2025, 2412/2025, 2242/2025, 1823/2025,
   1819/2025, 1795/2025, 1650/2025, 1605/2025,
   1415/2025, 1357/2025, 799/2025, 319/2025,
   221/2025, 111/2025, 83/2025, 28/2025.
   3849/2024, 3535/2024, 1423/2024, 1114/2024,
   894/2024, 582/2024, 462/2024, 363/2024, 311/2024.
2. THE COMPLETE TEXT OF ALL IN-FORCE HYDROPAC
   BROADCAST WARNINGS ARE AVAILABLE ON THE NGA
   MARITIME SAFETY INFORMATION WEBSITE AT:
   MSI.NGA.MIL/NAVWARNINGS.
   ALTERNATIVELY, THESE MAY BE REQUESTED BY E-MAIL
   FROM NGA AT NAVSAFETY@NGA.MIL.
3. CANCEL HYDROPAC 2203/26, 2330/26, 2489/26, 2543/26, 
   2550/26."
,Daily Memo,,,"111417Z SEP 26
HYDROPAC 2632/26
ANDAMAN SEA.
INDIA.
1. HAZARDOUS OPERATIONS 0130Z TO 0330Z,
   0430Z TO 0600Z AND 0830Z TO 0930Z DAILY
   15 THRU 18 SEP IN AREA BOUND BY
   11-15.00N 092-30.00E, 11-20.00N 092-55.00E,
   11-05.00N 092-55.00E, 11-00.00N 092-30.00E.
2. CANCEL THIS MSG 181030Z SEP 26."
,Daily Memo,,,"111354Z SEP 26
HYDROPAC 2631/26
BAY OF BENGAL.
EASTERN INDIAN OCEAN.
INDONESIA.
1. SURVEY OPERATIONS IN PROGRESS UNTIL 30 SEP
   BY M/V ALBATROSS 37 IN AREA BOUND BY
   06-22.13N 093-43.63E, 06-04.21N 093-42.76E,
   06-06.48N 092-54.52E, 05-37.48N 092-13.10E,
   05-24.96N 090-46.93E, 05-35.78N 090-44.27E,
   05-43.80N 091-57.38E, 06-23.42N 092-33.71E.
   WIDE BERTH REQUESTED.
2. CANCEL THIS MSG 010001Z OCT 26."
,Daily Memo,,,"111254Z SEP 26
HYDROPAC 2630/26
ANDAMAN SEA.
BURMA.
1. HAZARDOUS OPERATIONS 0830Z TO 1030Z
   16 AND 18 SEP IN AREA BOUND BY
   13-00.00N 093-40.00E, 13-00.00N 094-10.00E,
   12-50.00N 094-10.00E, 12-50.00N 093-40.00E.
2. CANCEL THIS MSG 181130Z SEP 26."
,Daily Memo,,,"111241Z SEP 26
HYDROPAC 2629/26
EASTERN INDIAN OCEAN.
INDIA.
1. HAZARDOUS OPERATIONS 0230Z TO 0800Z DAILY
   16 THRU 18 SEP IN AREA BOUND BY
   10-50.00N 075-00.00E, 10-50.00N 075-35.00E,
   10-20.00N 075-35.00E, 10-20.00N 075-00.00E.
2. CANCEL THIS MSG 180900Z SEP 26."
,Daily Memo,,,"080604Z SEP 26
HYDROPAC 2626/26.
SOUTH PACIFIC.
1. HAZARDOUS OPERATIONS, SPACE DEBRIS
   0245Z TO 0723Z DAILY 16 THRU 22 SEP
   IN AREA BOUND BY
   27-48.00S 136-13.00W, 27-19.00S 133-10.00W,
   43-24.00S 129-14.00W, 59-13.00S 122-24.00W,
   59-42.00S 127-43.00W, 43-51.00S 133-07.00W.
2. CANCEL THIS MSG 220823Z SEP 26."
,Daily Memo,,,"101203Z SEP 26
HYDROPAC 2616/26.
ARABIAN SEA.
INDIA.
1. HAZARDOUS OPERATIONS 100230Z TO 220230Z SEP
   IN AREAS BOUND BY:
   A. 21-24.00N 067-05.00E, 21-03.00N 067-36.00E,
      19-56.00N 067-13.00E, 20-15.00N 066-41.00E.
   B. 21-22.00N 067-06.00E, 22-32.00N 067-37.00E,
      22-10.00N 068-07.00E, 21-03.00N 067-37.00E.
   C. 23-07.49N 067-49.26E, 22-53.32N 068-20.06E,
      22-15.05N 068-04.32E, 22-34.01N 067-36.13E.
2. CANCEL THIS MSG 220330Z SEP 26."
,Daily Memo,,,"101124Z SEP 26
HYDROPAC 2615/26.
ARABIAN SEA.
GULF OF KHAMBHAT.
INDIA.
1. SURVEY OPERATIONS 11 SEP THRU 26 OCT
   BY M/V VANESSA 6 IN AREA BOUND BY
   19-30.97N 071-21.32E, 19-35.32N 071-24.27E,
   20-44.33N 071-37.99E, 20-20.02N 072-21.64E,
   18-35.70N 072-12.81E, 19-09.75N 071-08.55E,
   19-12.44N 071-05.99E, 19-12.18N 071-04.36E,
   19-10.61N 070-57.71E.
   WIDE BERTH REQUESTED.
2. CANCEL THIS MSG 270001Z OCT 26."
,Daily Memo,,,"101108Z SEP 26
HYDROPAC 2613/26.
SOUTH CHINA SEA.
VIETNAM.
MAN OVERBOARD FROM F/V BT 98597 TS
IN 08-34.71N 106-32.80E AT 092230Z SEP.
VESSELS IN VICINITY REQUESTED TO KEEP A SHARP
LOOKOUT, ASSIST IF POSSIBLE. 
REPORTS TO MRCC VIETNAM,
EMAIL: HPLES-GMDSS@HPLES.COM.VN."
,Daily Memo,,,"100913Z SEP 26
HYDROPAC 2611/26.
SEA OF JAPAN.
RUSSIA.
1. SURVEY OPERATIONS IN PROGRESS UNTIL 
   291400Z SEP IN AREA BOUND BY
   42-14.00N 131-42.00E, 42-14.00N 132-10.00E,
   41-20.00N 132-10.00E, 41-20.00N 131-42.00E.
   WIDE BERTH REQUESTED.
2. CANCEL HYDROPAC 2598/26.
3. CANCEL THIS MSG 291500Z SEP 26."
,Daily Memo,,,"091711Z SEP 26
HYDROPAC 2606/26.
SOUTH PACIFIC.
PERU.
1. GUNNERY EXERCISES 130200Z TO 180800Z SEP
   IN AREA BOUND BY
   12-20.00S 079-30.00W, 12-20.00S 078-30.00W,
   13-20.00S 078-30.00W, 13-20.00S 079-30.00W.
2. CANCEL HYDROPAC 2604/26.
3. CANCEL THIS MSG 180900Z SEP 26."
,Daily Memo,,,"091559Z SEP 26
HYDROPAC 2603/26.
SOUTH CHINA SEA.
VIETNAM.
M/V HOANG ANH 68, NINE PERSONS ON BOARD, 
AGROUND IN 10-29.56N 107-49.60E AT 091100Z SEP.
VESSELS IN VICINITY REQUESTED TO KEEP A SHARP
LOOKOUT, ASSIST IF POSSIBLE. REPORTS TO MRCC VIETNAM,
EMAIL: HPLES-GMDSS@HPLES.COM.VN."
,Daily Memo,,,"091221Z SEP 26
HYDROPAC 2601/26.
NORTH PACIFIC.
1. GUNNERY EXERCISES 2100Z TO 0900Z 
   DAILY 13 THRU 17 SEP IN AREA WITHIN 
   25 MILES OF 31-14.23N 144-26.80E.
2. CANCEL THIS MSG 181000Z SEP 26."
,Daily Memo,,,"091032Z SEP 26
HYDROPAC 2600/26.
BAY OF BENGAL.
INDIA.
1. SURVEY OPERATIONS 10 SEP THRU 21 OCT 
   BY M/V LAY VESSEL 108 IN AREA BOUND BY
   16-31.55N 082-18.71E, 16-31.52N 082-23.20E,
   16-17.93N 082-23.10E, 16-17.92N 082-26.12E,
   16-15.24N 082-26.10E, 16-15.29N 082-18.60E.
   TWO MILE BERTH REQUESTED.
2. CANCEL THIS MSG 220001Z OCT 26."
,Daily Memo,,,"090748Z SEP 26
HYDROPAC 2592/26.
NORTH PACIFIC.
GUAM.
1. HAZARDOUS OPERATIONS 1400Z TO 1359Z 
   DAILY 13 THRU 19 SEP IN AREA BOUND BY
   13-10.00N 144-30.00E, 13-10.00N 144-41.98E,
   12-49.98N 144-45.00E, 11-00.00N 144-45.00E,
   11-00.00N 143-00.00E, 11-45.00N 143-00.00E,
   12-49.98N 144-30.00E.
2. CANCEL THIS MSG 201459Z SEP 26."
,Daily Memo,,,"080730Z SEP 26
HYDROPAC 2583/26.
GREAT AUSTRALIAN BIGHT.
AUSTRALIA.
12 SIX METER BUOYS, YELLOW, FL W 3 SEC,
TEMPORARILY ESTABLISHED IN AREA WITHIN 
TWO MILES OF 38-41.03S 142-49.49E.
THREE MILE BERTH REQUESTED."
,Daily Memo,,,"080310Z SEP 26
HYDROPAC 2580/26.
NORTH PACIFIC.
PHILIPPINE SEA.
JAPAN.
VOLCANIC ACTIVITY REPORTED IN AREA WITHIN 
ONE MILE OF 27-14.60N 140-52.70E AT 080200Z SEP."
,Daily Memo,,,"072332Z SEP 26
HYDROPAC 2578/26.
GREAT AUSTRALIAN BIGHT.
AUSTRALIA.
TWO SIX METER BUOYS, YELLOW, FL W 3 SEC,
TEMPORARILY ESTABLISHED IN AREA WITHIN
ONE MILE OF 38-47.19S 142-36.00E.
THREE MILE BERTH REQUESTED."
,Daily Memo,,,"071923Z SEP 26
HYDROPAC 2577/26.
NORTH PACIFIC.
GUAM.
1. USCG REMOTE COMMUNICATION FACILITY GUAM
   13-29.00N 144-50.00E HF NAVTEX AND VOBRA
   SERVICES OFF AIR.
2. CANCEL HYDROPAC 2458/26."
,Daily Memo,,,"071033Z SEP 26
HYDROPAC 2570/26.
ARABIAN SEA.
INDIA.
1. CABLE OPERATIONS 08 SEP THRU 23 OCT 
   BY C/S TENEO IN AREA BOUND BY
   19-00.68N 072-38.37E, 19-00.53N 072-38.95E,
   18-59.27N 072-38.66E, 18-59.06N 072-37.36E,
   18-59.60N 072-37.34E, 18-59.73N 072-38.05E.
   WIDE BERTH REQUESTED.
2. CANCEL THIS MSG 240001Z OCT 26."
,Daily Memo,,,"060728Z SEP 26
HYDROPAC 2557/26.
BISMARCK SEA.
PAPUA NEW GUINEA.
DERELICT M/V LIMCO LOGGER,
AGROUND IN 05-21.39S 148-54.14E AT 060627Z SEP.
VESSELS IN VICINITY REQUESTED TO KEEP A SHARP LOOKOUT
AND EXERCISE EXTREME CAUTION.
REPORTS TO PNGMRCC, E-MAIL: PNGMRCC@NMSA.GOV.PG."
,Daily Memo,,,"051138Z SEP 26
HYDROPAC 2552/26.
TIMOR SEA.
UNDERWATER OPERATIONS IN PROGRESS UNTIL 
FURTHER NOTICE BY M/V REACH REMOTE 2
IN AREA BOUND BY
11-13.00S 127-05.00E, 11-05.00S 127-40.00E,
11-15.00S 128-15.00E, 11-35.00S 127-55.00E,
11-50.00S 127-15.00E.
TWO MILE BERTH REQUESTED."
,Daily Memo,,,"041651Z SEP 26
HYDROPAC 2542/26.
EASTERN INDIAN OCEAN.
INDIA.
1. HAZARDOUS OPERATIONS 0900Z TO 1200Z
   AND 1230Z TO 1430Z DAILY 04, 11, 18, 25 SEP
   AND 0900Z TO 1200Z DAILY 07, 14, 21, 28 SEP
   IN AREA BOUND BY
   09-57.60N 076-14.50E, 09-47.40N 076-16.60E,
   09-46.80N 076-11.60E, 09-50.00N 076-07.60E.
2. CANCEL THIS MSG 281300Z SEP 26."
,Daily Memo,,,"031219Z SEP 26
HYDROPAC 2528/26.
ARABIAN SEA.
1. CABLE OPERATIONS 04 SEP THRU 05 OCT BY
   M/V REBECCA ALONG TRACKLINES JOINING:
   A. 09-07.39N 069-00.80E, 09-36.61N 067-13.32E.
   B. 09-59.58N 065-45.38E, 10-35.36N 063-11.19E.
   C. 10-54.17N 062-05.32E, 11-30.68N 060-00.68E.
   WIDE BERTH REQUESTED.
2. CANCEL THIS MSG 060001Z OCT 26."
,Daily Memo,,,"031202Z SEP 26
HYDROPAC 2527/26.
BAY OF BENGAL.
INDIA.
1. HAZARDOUS OPERATIONS 061831Z TO 121829Z AND
   131831Z TO 191829Z SEP IN AREA BOUND BY
   19-14.60N 084-53.70E, 19-07.39N 085-35.94E,
   18-52.00N 085-29.95E, 18-45.00N 085-24.21E,
   18-36.50N 085-10.10E, 18-33.61N 084-53.74E.
2. CANCEL THIS MSG 201929Z SEP 26."
,Daily Memo,,,"030321Z SEP 26
HYDROPAC 2513/26.
EASTERN INDIAN OCEAN.
AUSTRALIA.
UNDERWATER OPERATIONS IN PROGRESS UNTIL 
FURTHER NOTICE BY M/V SKANDI HERCULES
IN 19-38.90S 115-55.60E.
FIVE MILE BERTH REQUESTED."
,Daily Memo,,,"311126Z AUG 26
HYDROPAC 2492/26.
BAY OF BENGAL.
BANGLADESH.
1. HAZARDOUS OPERATIONS 0001Z TO 1600Z DAILY
   01 THRU 30 SEP EXCEPT FRIDAYS AND SATURDAYS
   IN AREAS BOUND BY:
   A. 21-20.83N 090-34.00E, 21-41.00N 091-14.00E,
      21-20.83N 091-28.00E, 21-00.00N 090-47.83E.
   B. 20-07.00N 090-52.00E, 20-47.60N 091-29.80E,
      20-24.00N 091-59.00E, 19-44.00N 091-21.00E.
   C. 21-18.00N 089-31.00E, 21-18.00N 089-50.00E,
      21-04.00N 089-54.00E, 21-04.00N 089-34.00E.
   D. 20-58.00N 089-34.00E, 20-58.00N 089-54.00E,
      20-34.00N 089-54.00E, 20-34.00N 089-34.00E.
2. CANCEL THIS MSG 301700Z SEP 26."
,Daily Memo,,,"310033Z AUG 26
HYDROPAC 2483/26.
SEA OF JAPAN.
RUSSIA.
1. CABLE OPERATIONS IN PROGRESS UNTIL 15 DEC
   BY M/V TOPAZ AND M/V BUREYA WITHIN
   TWO MILES OF TRACKLINE JOINING
   49-03.00N 140-18.60E, 49-02.40N 140-33.00E,
   48-49.80N 141-16.80E, 48-19.80N 141-51.60E,
   48-05.40N 141-56.40E, 47-37.20N 141-48.00E,
   47-12.60N 141-54.60E, 46-40.20N 141-27.20E,
   46-10.80N 141-48.00E, 45-55.20N 141-56.40E,
   45-54.00N 142-03.60E, 45-54.00N 142-04.20E.
   WIDE BERTH REQUESTED.
2. CANCEL THIS MSG 160001Z DEC 26."
,Daily Memo,,,"301659Z AUG 26
HYDROPAC 2482/26.
ARABIAN SEA.
INDIA.
F/V OM SHREE MASTHI AMMA SANK IN 14-47.21N 074-01.62E."
,Daily Memo,,,"301205Z AUG 26
HYDROPAC 2478/26.
ARABIAN SEA.
PAKISTAN.
1. HAZARDOUS OPERATIONS 0300Z TO 1900Z DAILY
   01 THRU 04, 07 THRU 11, 14 THRU 18, 21 THRU 25 
   AND 28 THRU 30 SEP IN AREAS BOUND BY:
   A. 24-24.30N 066-42.00E, 24-19.00N 066-58.00E,
      24-00.00N 066-39.00E, 24-11.00N 066-27.00E.
   B. 24-36.02N 062-30.03E, 24-36.02N 063-15.03E,
      24-21.02N 063-15.03E, 24-21.02N 062-30.03E.
   C. 24-36.02N 061-45.03E, 24-36.02N 062-30.03E,
      24-21.02N 062-30.03E, 24-21.02N 061-45.03E.
   D. 24-22.00N 066-27.00E, 24-16.30N 066-33.00E,
      24-10.30N 066-27.00E, 24-16.18N 066-20.50E.
2. CANCEL THIS MSG 302000Z SEP 26."
,Daily Memo,,,"292013Z AUG 26
HYDROPAC 2472/26.
SOUTH CHINA SEA.
VIETNAM.
F/V SG 66014 TS SUNK IN 10-02.08N 106-57.98E.
SIX PERSONS HOLDING JERRY CAN IN WATER.
VESSELS IN VICINITY REQUESTED TO KEEP A SHARP
LOOKOUT, ASSIST IF POSSIBLE. 
REPORTS TO MRCC VIETNAM,
EMAIL:HPLES-GMDSS@HPLES.COM.VN ."
,Daily Memo,,,"280307Z AUG 26
HYDROPAC 2459/26.
CORAL SEA.
AUSTRALIA.
15 METER VESSEL CAPSIZED IN 
28-12.40S 153-38.00E AT 270650Z AUG."
,Daily Memo,,,"271210Z AUG 26
HYDROPAC 2457/26.
NORTH PACIFIC.
1. GUNNERY EXERCISES 2300Z TO 0900Z DAILY
   31 AUG THRU 29 SEP IN AREA BOUND BY
   28-15.15N 146-29.47E, 25-25.16N 147-37.47E,
   25-00.16N 145-35.48E, 27-55.15N 144-57.48E.
2. CANCEL THIS MSG 301000Z SEP 26."
,Daily Memo,,,"271121Z AUG 26
HYDROPAC 2455/26.
EASTERN INDIAN OCEAN.
INDIA.
F/V SHRI BALAJANEYA SANK IN 13-36.00N 074-36.50E."
,Daily Memo,,,"270353Z AUG 26
HYDROPAC 2450/26.
CORAL SEA.
AUSTRALIA.
RACON AT NORTH REEF LIGHT 23-11.10S 151-54.18E
UNRELIABLE."
,Daily Memo,,,"260122Z AUG 26
HYDROPAC 2438/26.
EASTERN SOUTH PACIFIC.
CHILE.
MAGALLANES RADIO 53-09.92S 070-54.28W
MF AND HF DSC RECEIVE SERVICES OFF AIR."
,Daily Memo,,,"250531Z AUG 26
HYDROPAC 2429/26.
ARABIAN SEA.
PAKISTAN.
1. HAZARDOUS OPERATIONS 0300Z TO 1300Z 
   DAILY 26 AUG, 02, 09, 16, 23 AND 30 SEP
   IN AREA BOUND BY
   24-50.26N 066-43.04E, 24-40.47N 066-40.28E,
   24-40.44N 066-23.98E, 24-45.33N 066-25.45E,
   24-50.23N 066-43.00E.
2. CANCEL THIS MSG 301400Z SEP 26."
,Daily Memo,,,"241249Z AUG 26
HYDROPAC 2426/26.
BOHOL SEA.
PHILIPPINES.
APO ISLAND LIGHT 09-04.98N 123-16.22E
UNLIT."
,Daily Memo,,,"240409Z AUG 26
HYDROPAC 2417/26.
JAVA SEA.
INDONESIA.
DANGEROUS WRECK IN 04-14.70S 113-44.30E."
,Daily Memo,,,"190534Z AUG 26
HYDROPAC 2373/26.
EASTERN INDIAN OCEAN.
AUSTRALIA.
1. UNDERWATER OPERATIONS IN PROGRESS 
   UNTIL FURTHER NOTICE BY M/V FUGRO KWILENA
   IN AREA BOUND BY
   19-47.68S 115-12.91E, 19-57.87S 115-12.91E,
   19-57.87S 115-25.37E, 19-47.68S 115-25.37E.
   TWO MILE BERTH REQUESTED.
2. CANCEL HYDROPAC 2157/26."
,Daily Memo,,,"171330Z AUG 26
HYDROPAC 2362/26.
RED SEA.
SAUDI ARABIA.
HAZARDOUS OPERATIONS IN PROGRESS
UNTIL FURTHER NOTICE IN AREA BOUND BY
21-31.95N 038-54.85E, 21-29.50N 038-47.80E,
21-19.60N 038-51.70E, 21-21.60N 038-57.50E,
21-23.45N 038-58.20E."
,Daily Memo,,,"162208Z AUG 26
HYDROPAC 2353/26
SOUTH PACIFIC.
CHILE.
ISLA RAIMAPU LIGHTHOUSE 45-48.50S 073-34.70W.
INOPERATIVE."
,Daily Memo,,,"100658Z AUG 26
HYDROPAC 2288/26.
INDIAN OCEAN.
AUSTRALIA.
UNDERWATER OPERATIONS IN PROGRESS UNTIL 
FURTHER NOTICE BY VESSEL VE CONSTRUCTOR
IN AREA BOUND BY
19-12.00S 116-30.00E, 19-21.00S 116-30.00E,
19-21.00S 116-50.00E, 19-12.00S 116-50.00E.
ONE MILE BERTH REQUESTED."
,Daily Memo,,,"091458Z AUG 26
HYDROPAC 2281/26.
PERSIAN GULF.
QATAR.
1. PIPELINE OPERATIONS 10 AUG THRU 10 NOV
   BY VESSEL BARGE DERRICK BARGE 30
   IN AREA BOUND BY
   26-31.70N 051-59.40E, 26-25.30N 052-12.50E,
   26-18.70N 052-12.40E, 26-23.50N 051-59.40E.
   WIDE BERTH REQUESTED.
2. CANCEL THIS MSG 110001Z NOV 26."
,Daily Memo,,,"091028Z AUG 26
HYDROPAC 2280/26.
PERSIAN GULF.
KUWAIT.
SURVEY OPERATIONS 10 AUG UNTIL FURTHER NOTICE
BY M/V VISION 2 IN: 
A. 29-03.09N 048-10.06E.
B. 29-03.12N 048-11.59E.
C. 29-02.04N 048-11.62E.
D. 29-02.01N 048-10.09E.
WIDE BERTH REQUESTED."
,Daily Memo,,,"071607Z AUG 26
HYDROPAC 2273/26.
PERSIAN GULF.
QATAR.
BH JACKET LIGHT FL(R) 4 SEC TEMPORARILY 
ESTABLISHED IN 26-38.41N 051-56.90E."
,Daily Memo,,,"060314Z AUG 26
HYDROPAC 2250/26.
EASTERN SOUTH PACIFIC.
CHILE.
1. PUERTO MONTT RADIO 41-28.80S 072-57.70W 
   OFF AIR. 
2. VALPARAISO PLAYA ANCHA RADIO
   33-04.70S 071-36.80W WILL TRANSMIT
   VIA SAFETYNET AND SAFETYCAST."
,Daily Memo,,,"060252Z AUG 26
HYDROPAC 2249/26.
GULF OF THAILAND.
SOUTH CHINA SEA.
MALAYSIA.
1. SURVEY OPERATIONS IN PROGRESS 
   UNTIL 31 DEC BY M/V PXGEO 2 
   TOWING EIGHT FIVE MILE LONG CABLES 
   IN AREA BOUND BY
   06-33.00N 103-25.00E, 06-50.00N 102-58.00E,
   06-55.00N 103-14.00E, 07-02.00N 103-04.00E,
   06-50.00N 102-21.00E, 06-28.00N 102-09.00E,
   05-54.00N 103-01.00E.
   WIDE BERTH REQUESTED.
2. CANCEL THIS MSG 010001Z JAN 27."
,Daily Memo,,,"051218Z AUG 26
HYDROPAC 2241/26.
TIMOR SEA.
AUSTRALIA.
SURVEY OPERATIONS IN PROGRESS UNTIL FURTHER
NOTICEBY M/V SW BLY TOWING TWELVE 7300 METER
CABLES IN AREA BOUND BY
12-47.76S 127-35.15E, 12-38.08S 127-44.03E,
12-38.27S 128-06.05E, 13-18.37S 128-53.75E,
13-38.87S 128-35.38E.
SEVEN MILE BERTH REQUESTED."
,Daily Memo,,,"050939Z AUG 26
HYDROPAC 2238/26.
EASTERN SOUTH PACIFIC.
CHILE.
1. MAGALLANES RADIO 53-09.90S 070-54.30W
   HF, MF AND RADIOTELEX OFF AIR.
2. CANCEL HYDROPAC 527/26."
,Daily Memo,,,"030113Z AUG 26
HYDROPAC 2209/26.
GULF OF CARPENTARIA.
AUSTRALIA.
1. DERELICT TEN METER VESSEL ADRIFT IN
   11-55.02S 141-54.27E AT 020629Z AUG.
2. CANCEL THIS MSG 060113Z AUG 26."
,Daily Memo,,,"011522Z AUG 26
HYDROPAC 2200/26.
ARABIAN SEA.
PAKISTAN.
FAIRWAY BUOY 24-43.14N 066-55.86E MISSING."
,Daily Memo,,,"261530Z JUL 26
HYDROPAC 2144/26.
QATAR.
PERSIAN GULF.
MOORING BUOY ESTABLISHED 
IN 26-38.47N 051-55.82E."
,Daily Memo,,,"211202Z JUL 26
HYDROPAC 2092/26.
ARABIAN SEA.
INDIA.
1. DERELICT M/V AL JAFZIA AGROUND IN
   19-11.50N 072-46.40E.
2. CANCEL HYDROPAC 1624/26."
,Daily Memo,,,"191432Z JUL 26
HYDROPAC 2075/26.
STRAIT OF HORMUZ.
IRAN.
FISH FARMS ESTABLISHED IN AREAS BOUND BY:
A. 26-43.84N 056-56.88E, 26-43.80N 056-56.95E,
   26-43.74N 056-56.89E, 26-43.78N 056-56.83E.
B. 26-45.29N 056-55.84E, 26-45.29N 056-55.86E,
   26-45.27N 056-55.87E, 26-45.26N 056-55.86E.
C. 26-41.20N 056-59.03E, 26-41.23N 056-59.10E,
   26-41.17N 056-59.14E, 26-41.15N 056-59.07E.
D. 26-40.75N 056-58.71E, 26-40.77N 056-58.79E,
   26-40.70N 056-58.82E, 26-40.68N 056-58.74E."
,Daily Memo,,,"161811Z JUL 26
HYDROPAC 2039/26.
NORTH PACIFIC.
NORTHERN MARIANA ISLANDS.
1. DISCOLORED WATER WITH INCREASED LIKELIHOOD
   OF SUBMARINE VOLCANIC ACTIVITY REPORTED
   IN VICINITY 20-26.00N 145-01.00E AT 160013Z JUL.
2. CANCEL HYDROPAC 153/24."
,Daily Memo,,,"140944Z JUL 26
HYDROPAC 2014/26.
SEA OF OKHOTSK.
KURIL ISLANDS.
1. SURVEY OPERATIONS 15 JUL THRU 15 OCT 
   BY M/V NIKOLAY TRUBYATCHINSKIY
   ALONG TRACKLINE JOINING
   46-48.60N 143-25.80E, 46-52.80N 143-23.40E,
   46-54.00N 143-27.00E, 45-15.60N 147-49.20E,
   45-13.80N 147-50.40E, 45-14.40N 147-49.80E,
   45-16.20N 147-48.00E, 45-14.40N 147-45.60E,
   45-16.80N 147-39.60E, 45-08.40N 147-39.00E,
   45-05.40N 147-41.40E, 45-08.70N 147-22.80E,
   44-56.40N 147-07.80E, 44-19.80N 146-41.40E,
   44-04.80N 146-03.60E, 44-03.00N 145-54.00E,
   44-03.00N 145-56.60E.
   400 METER BERTH REQUESTED.
2. CANCEL THIS MSG 160001Z OCT 26."
,Daily Memo,,,"140634Z JUL 26
HYDROPAC 2011/26.
TIMOR SEA.
1. SURVEY OPERATIONS IN PROGRESS UNTIL 
   FURTHER NOTICE BY M/V SHARK 1
   IN AREA BOUND BY
   11-30.00S 125-05.00E, 12-22.00S 125-05.00E,
   12-22.00S 126-01.00E, 11-30.00S 126-01.00E.
   TWO MILE BERTH REQUESTED.
2. CANCEL HYDROPAC 1694/26."
,Daily Memo,,,"100804Z JUL 26
HYDROPAC 1978/26.
NORTH PACIFIC.
NORTHERN MARIANA ISLANDS.
DUE TO TROPICAL STORM BAVI:
1. THE FOLLOWING PORT(S) ARE CLOSED:
   A. ROTA ISLAND 14-08.35N 145-08.09E.
2. THE FOLLOWING PORT(S) ARE OPEN WITH RESTRICTIONS:
   NONE TO REPORT.
3. THE FOLLOWING PORT(S) HAVE RE-OPENED:
   A. APRA HARBOR 13-27.20N 144-39.21E.
   B. TINIAN 14-57.95N 145-37.26E.
4. CURRENT PORT INFORMATION CAN BE FOUND AT
   HOMEPORT.USCG.MIL USING THE PORT DIRECTORY TAB.
5. CANCEL HYDROPAC 1947/26."
,Daily Memo,,,"030020Z JUL 26
HYDROPAC 1906/26.
NORTH PACIFIC.
USCG REMOTE COMMUNICATION FACILITY GUAM
13-29.00N 144-50.00E BROADCAST
AND COMMUNICATION SERVICES UNRELIABLE."
,Daily Memo,,,"021532Z JUL 26
HYDROPAC 1903/26.
PERSIAN GULF.
U.A.E.
ANCHORING PROHIBITED IN AREA BOUND BY
25-26.59N 055-05.88E, 25-28.17N 055-06.69E,
25-28.32N 055-09.15E, 25-28.15N 055-09.36E,
25-27.12N 055-09.36E, 25-26.60N 055-10.65E,
25-25.39N 055-10.75E, 25-24.52N 055-08.77E,
25-24.19N 055-06.88E, 25-25.85N 055-05.93E."
,Daily Memo,,,"011140Z JUL 26
HYDROPAC 1892/26.
ARABIAN SEA.
INDIA.
6.2 METER DEPTHS REPORTED IN VICINITY:
A. 18-17.72N 072-55.18E.
B. 18-17.77N 072-55.92E."
,Daily Memo,,,"301420Z JUN 26
HYDROPAC 1883/26.
PERSIAN GULF.
U.A.E.
RACON AT DALMA BUOY 24-32.51N 052-27.85E
INOPERATIVE."
,Daily Memo,,,"291217Z JUN 26
HYDROPAC 1873/26.
BASS STRAIT.
TASMAN SEA.
AUSTRALIA.
CABLE OPERATIONS IN PROGRESS UNTIL FURTHER
NOTICE BY CABLESHIP RESPONDER 
WITHIN FIVE MILES OF TRACKLINE JOINING
38-19.86S 144-19.61E, 39-06.11S 145-33.18E,
39-17.45S 146-22.33E, 39-23.78S 148-40.00E,
39-20.00S 149-46.17E, 37-18.44S 153-20.94E.
ONE MILE BERTH REQUESTED."
,Daily Memo,,,"291040Z JUN 26
HYDROPAC 1869/26.
SEA OF OKHOTSK.
RUSSIA.
WAVE RIDER BUOY ESTABLISHED IN 51-22.54N 144-14.17E."
,Daily Memo,,,"290118Z JUN 26
HYDROPAC 1864/26.
GREAT AUSTRALIAN BIGHT.
AUSTRALIA.
SIX METER BUOY, YELLOW, ESTABLISHED
IN 38-47.62S 142-37.77E.
THREE MILE BERTH REQUESTED.
210450Z JUN 26
HYDROPAC 1796/26
SINGAPORE STRAIT. 
MALAYSIA.
BATU BERHANTI ISOLATED DANGER LIGHT BUOY 
01-11.76N 103-52.51E TEMPORARILY REMOVED."
,Daily Memo,,,"201536Z JUN 26
HYDROPAC 1794/26
ARABIAN SEA.
PAKISTAN.
ORMARA LIGHTHOUSE 25-11.10N 064-41.10E UNLIT."
,Daily Memo,,,"182134Z JUN 26
HYDROPAC 1772/26.
STRAIT OF HORMUZ.
OMAN.
1. MINE REPORTED IN 26-24.58N 056-20.67E.
2. CANCEL HYDROPAC 1586/26.
300220Z MAY 26
HYDROPAC 1585/26.
BASS STRAIT.
GREAT AUSTRALIAN BIGHT.
AUSTRALIA.
CABLE OPERATIONS IN PROGRESS UNTIL 
FURTHER NOTICE BY CABLESHIP DEPENDABLE
WITHIN TEN MILES OF TRACKLINE JOINING
38-25.00S 144-28.00E, 38-28.00S 144-28.00E,
38-22.00S 144-24.00E, 38-33.00S 144-19.00E,
38-40.00S 144-08.00E, 38-59.00S 143-44.00E,
39-17.00S 143-25.00E, 39-42.00S 142-37.00E,
40-22.00S 137-28.00E.
TWO MILE BERTH REQUESTED.
220924Z MAY 26
HYDROPAC 1516/26.
SEA OF OKHOTSK.
RUSSIA.
1. UNDERWATER OPERATIONS 25 MAY THRU 31 DEC
   IN AREA BOUND BY
   51-34.92N 143-24.27E, 51-34.90N 144-06.22E,
   51-32.60N 144-06.18E, 51-31.60N 144-43.48E,
   50-47.97N 144-53.12E, 50-48.80N 143-40.03E.
   WIDE BERTH REQUESTED.
2. CANCEL THIS MSG 010001Z JAN 27.
202135Z MAY 26
HYDROPAC 1493/26.
SOUTH PACIFIC.
FIJI.
NGGELE LEVU LIGHT 16-05.42S 179-09.05W UNLIT.
231231Z APR 26
HYDROPAC 1291/26.
SEA OF OKHOTSK.
RUSSIA.
1. UNDERWATER OPERATIONS 01 MAY THRU 31 OCT
   IN AREAS BOUND BY:
   A. 51-27.95N 143-26.72E, 51-29.25N 143-45.52E,
      51-24.43N 143-46.80E, 51-23.35N 143-27.97E.
   B. 51-29.25N 143-45.52E, 51-29.36N 143-47.45E,
      51-33.00N 143-45.00E, 51-33.00N 143-53.21E,
      51-23.00N 144-00.00E, 51-23.38N 143-51.71E,
      51-24.65N 143-50.62E, 51-24.43N 143-46.80E.
   WIDE BERTH REQUESTED.
2. CANCEL THIS MSG 010001Z NOV 26.
241653Z APR 26
HYDROPAC 1237/26.
BAY OF BENGAL.
INDIA.
BUOY ESTABLISHED IN 14-05.21N 080-28.50E.
170645Z APR 26
HYDROPAC 1134/26.
SOUTH PACIFIC.
CHILE.
ISLA MAGDALENA LIGHT 52-55.10S 070-30.30W
MISSING.
080748Z APR 26
HYDROPAC 1052/26.
SOUTH PACIFIC.
MOOREA.
POINTE AROA LIGHT 17-28.40S 149-46.50W
UNLIT.
310719Z MAR 26
HYDROPAC 974/26.
SOUTH PACIFIC.
DART 4G BUOY 35-45.40S 075-17.25W MISSING."
,Daily Memo,,,"291726Z MAR 26
HYDROPAC 957/26.
EASTERN INDIAN OCEAN.
AUSTRALIA.
UNDERWATER OPERATIONS IN PROGRESS UNTIL FURTHER
NOTICE BY M/V SAFE BOREAS IN AREA BOUND BY
12-54.90S 124-25.10E, 12-54.90S 124-35.10E,
12-59.90S 124-35.10E, 12-59.90S 124-25.10E.
THREE MILE BERTH REQUESTED."
,Daily Memo,,,"170524Z MAR 26
HYDROPAC 808/26(83).
SOUTH PACIFIC.
FIJI.
DNC 06.
NORTH OVALAU ISLAND LIGHT 17-33.81S 178-50.92E
UNLIT."
,Daily Memo,,,"031647Z MAR 26
HYDROPAC 627/26(62).
ARABIAN SEA.
GULF OF OMAN.
STRAIT OF HORMUZ.
U.A.E.
DNC 10.
GPS, GNSS, AND AIS INTERFERENCE REPORTED IN 
VICINITY OF FUJAIRAH (25-07.33N 056-20.05E).
VESSELS ARE ADVISED TO NAVIGATE WITH EXTREME
CAUTION."
,Daily Memo,,,"021334Z MAR 26
HYDROPAC 622/26(83).
SOUTH PACIFIC.
FIJI.
DNC 06.
UDU POINT LIGHT IN 16-07.53S 179-57.21W UNLIT."
,Daily Memo,,,"280355Z FEB 26
HYDROPAC 598/26(62).
PERSIAN GULF.
IRAN.
DNC 10.
ODAS BUOY RELOCATED TO 28-49.63N 050-42.93E."
,Daily Memo,,,"231645Z FEB 26
HYDROPAC 540/26(62).
PERSIAN GULF.
QATAR.
DNC 10.
WAVE RIDER BUOY, FL 5 Y 10 SEC, TEMPORARILY
ESTABLISHED IN 26-39.57N 051-57.22E."
,Daily Memo,,,"161643Z FEB 26
HYDROPAC 473/26(62).
U.A.E.
DNC 10.
12.9 METER DEPTHS REPORTED IN BOROUGE CHANNEL
24-09.00N 052-45.20E."
,Daily Memo,,,"081406Z FEB 26
HYDROPAC 379/26(62).
PERSIAN GULF.
KUWAIT.
DNC 10.
BARGE DREAM 1 SANK IN 29-14.06N 048-41.22E."
,Daily Memo,,,"301519Z JAN 26
HYDROPAC 292/26(62).
PERSIAN GULF.
QATAR.
DNC 10.
SURVEY OPERATIONS IN PROGRESS UNTIL FURTHER 
NOTICE BY M/V HALUL 41 IN AREA BOUND BY
26-23.34N 051-47.10E, 26-23.34N 052-00.06E,
25-56.52N 052-00.06E, 25-56.52N 051-47.10E.
WIDE BERTH REQUESTED."
,Daily Memo,,,"271037Z JAN 26
HYDROPAC 241/26(72).
MAKASSAR STRAIT.
INDONESIA.
DNC 04, DNC 11.
SURVEY OPERATIONS IN PROGRESS UNTIL
FURTHER NOTICE BY M/V RAMFORM SOVEREIGN
TOWING 12 10050 METER LONG CABLES
IN AREA BOUND BY
00-10.30S 117-49.00E, 00-10.30S 117-50.20E,
00-52.50S 117-50.20E, 01-30.60S 117-26.90E,
01-33.70S 117-31.80E, 01-44.20S 117-25.40E,
01-50.30S 117-36.30E, 01-55.30S 117-45.70E,
01-23.40S 118-03.70E, 01-20.80S 117-59.40E,
01-16.50S 118-00.70E, 01-16.50S 118-08.60E,
01-33.60S 118-08.60E, 01-33.60S 118-33.50E,
00-47.90S 118-33.70E, 00-48.00S 118-27.70E,
00-14.00N 118-28.00E, 00-14.00N 118-10.10E,
00-31.90N 118-10.10E, 00-32.00N 117-47.80E.
WIDE BERTH REQUESTED."
,Daily Memo,,,"011502Z JAN 26
HYDROPAC 10/26(63).
ARABIAN SEA.
PAKISTAN.
DNC 03.
WRECK BUOY 24-46.45N 066-57.09E MISSING."
,Daily Memo,,,"051629Z OCT 25
HYDROPAC 2558/25(62).
PERSIAN GULF.
U.A.E.
DNC 10.
ZAQQUM BUOY IN 25-06.56N 053-25.06E.
LIGHT AND RACON UNRELIABLE."
,Daily Memo,,,"190907Z SEP 25
HYDROPAC 2412/25(93).
SOUTH CHINA SEA.
VIETNAM.
DNC 11.
DANGEROUS WRECK IN 10-22.31N 107-46.96E."
,Daily Memo,,,"021024Z SEP 25
HYDROPAC 2242/25(97).
NORTH PACIFIC.
PHILIPPINE SEA.
JAPAN.
DNC 12.
VOLCANIC ACTIVITY REPORTED AT IO-TO
IN VICINTY OF 24-45.00N 141-17.3E."
,Daily Memo,,,"171751Z JUL 25
HYDROPAC 1823/25.
CANCELLED ELECTRONIC NAVIGATIONAL CHART (ENC) 
ADVISORY.
USERS OF NGA ENC PRODUCTS ARE ADVISED OF 
POTENTIAL UNINTENDED ECDIS BEHAVIOR WHEN 
PROCESSING CANCELLED CHARTS, INCLUDING 
REINSTALLATION OF RECENTLY CANCELLED CHARTS ON 
SOME SYSTEMS WITHOUT OBVIOUS ERROR OR 
WARNING MESSAGES.
NGA HAS CONFIRMED THIS ISSUE AFFECTS NAVY VMS 9.5 AND
RAYTHEON ANSCHUTZ SYNAPSIS NX SYSTEMS. THIS ISSUE DOES NOT
AFFECT NAVY ECDIS. OTHER SYSTEMS ARE CURRENTLY UNASSESSED.
USERS MAY REFERENCE NGA'S ENC CATALOG (GLOBAL 
OR REGIONAL PRODUCT LISTINGS) FOR A LIST OF 
CANCELLED CHARTS WHICH SHOULD BE UNINSTALLED 
FROM ECDIS.
NGA'S GLOBAL ENC CATALOG IS AVAILABLE ON
HTTPS://MCDP.NGA.MIL, WITH REGIONAL ENC PRODUCT 
LISTING SPREADSHEETS CONTAINED WITHIN EACH
REGION'S ZIP ON ESYNC, NGA'S WEBSITES, AND 
WORLDCOVER DVD.
USERS MAY FILTER PRODUCT LISTINGS FOR EDITION OF 
CXL AND SORT BY ISSUE DATE TO SEE MOST RECENT 
CANCELLATIONS.
CHARTS CANCELLED WITHIN THE LAST 90 DAYS ARE 
ACTIVELY DISSEMINATED BY NGA AND MOST LIKELY 
CANDIDATES FOR INADVERTENT REINSTALLATION.
NGA IS CONSULTING WITH THE USER COMMUNITY TO 
ASSESS POSSIBLE CHANGES TO THE CANCELLED CHART 
DISSEMINATION PROCESS TO MITIGATE THIS POTENTIAL
UNINTENDED ECDIS BEHAVIOR."
,Daily Memo,,,"171310Z JUL 25
HYDROPAC 1819/25(81).
NORTH PACIFIC.
MARSHALL ISLANDS.
DNC 12.
DEPTHS REPORTED:
A. 18 METERS IN 07-05.78N 171-22.53E.
B. 15 METERS IN 07-05.71N 171-22.51E.
C. 17.6 METERS IN 07-05.43N 171-22.46E.
D. 11.6 METERS IN 07-06.20N 171-22.39E.
E. 6.4 METERS IN 07-05.49N 171-22.48E.
F. 14.5 METERS IN 07-05.70N 171-22.56E.
G. 11.5 METERS IN 07-06.17N 171-22.40E.
H. 5.4 METERS IN 07-06.16N 171-22.43E.
I. 18.8 METERS IN 07-05.70N 171-22.47E.
J. 11.2 METERS IN 07-05.30N 171-22.39E."
,Daily Memo,,,"141418Z JUL 25
HYDROPAC 1795/25(96).
BERING STRAIT.
RUSSIA.
DNC 27.
SCIENTIFIC MOORING, AT DEPTH SEVEN METERS,
ESTABLISHED IN 66-19.56N 168-57.08W."
,Daily Memo,,,"242359Z JUN 25
HYDROPAC 1650/25(16).
NORTH PACIFIC.
DNC 25.
M/V MORNING MIDAS SANK IN 45-16.88N 179-14.13W.
VESSELS IN VICINITY REQUESTED TO NAVIGATE WITH
CAUTION AND REPORT PRESENCE OF OIL SHEENS OR
DEBRIS TO USCG SECTOR WESTERN ALASKA AND US ARCTIC,
PHONE: 907 428 4100, E-MAIL: SOUTHWESTERNAK@USCG.MIL."
,Daily Memo,,,"191650Z JUN 25
HYDROPAC 1605/25(62).
GULF OF OMAN.
U.A.E.
DNC 10.
DERELICT 274 METER M/V ADALYNN UNLIT AND ANCHORED
IN 25-36.99N 056-24.85E."
,Daily Memo,,,"010543Z JUN 25
HYDROPAC 1415/25(62).
PERSIAN GULF.
KUWAIT.
DNC 10.
NAVIGATION PROHIBITED UNTIL FURTHER NOTICE
IN AREA WITHIN 600 METERS OF 29-13.10N 048-44.42E."
,Daily Memo,,,"241756Z MAY 25
HYDROPAC 1357/25(62).
PERSIAN GULF.
QATAR.
DNC 10.
UNDERWATER OPERATIONS IN PROGRESS UNTIL
FURTHER NOTICE BY M/V HYSY289
IN AREA BOUND BY
26-41.99N 051-53.26E, 26-41.94N 052-00.75E,
26-37.65N 052-00.72E, 26-37.70N 051-53.23E.
WIDE BERTH REQUESTED."
,Daily Memo,,,"280349Z MAR 25
HYDROPAC 799/25(22).
EASTERN SOUTH PACIFIC.
CHILE.
DNC 07.
ARICA RADIO 18-29.10S 070-19.16W DSC MF 
SERVICE OFF AIR."
,Daily Memo,,,"071554Z FEB 25
HYDROPAC 319/25(62).
PERSIAN GULF.
QATAR.
DNC 10.
FOUL GROUND, ANCHOR WITH 2.5 SHACKLE CHAIN REPORTED 
IN 25-07.69N 052-53.09E."
,Daily Memo,,,"290955Z JAN 25
HYDROPAC 221/25(96).
SEA OF OKHOTSK.
KURIL ISLANDS.
DNC 24.
1. MALOKURIL'SKIY LIGHT 43-52.50N 146-48.80E 
   RANGE REDUCED TO EIGHT MILES.
2. CANCEL HYDROPAC 3644/24."
,Daily Memo,,,"170957Z JAN 25
HYDROPAC 111/25(GEN).
EASTERN SOUTH ATLANTIC.
SOUTHWESTERN INDIAN OCEAN.
SOUTH AFRICA.
DNC 01.
CAPE TOWN RADIO E-MAIL UNUSABLE UNTIL FURTHER 
NOTICE. FOR ASSISTANCE CONTACT NAVAREA VII,
E-MAIL: MARITIMERADIO@TELKOM.CO.ZA, 
MARITIMERADIO@GMAIL.COM."
,Daily Memo,,,"131317Z JAN 25
HYDROPAC 83/25(62).
PERSIAN GULF.
KUWAIT.
DNC 10.
MET TOWER 28-46.0N 048-26.1E TEMPORARILY
REPLACED BY YELLOW BUOY, FL(4) 15 SEC 5M."
,Daily Memo,,,"061036Z JAN 25
HYDROPAC 28/25(62).
PERSIAN GULF.
KUWAIT.
DNC 10.
NAVIGATION PROHIBITED UNTIL FURTHER 
NOTICE IN AREA WITHIN 600 METERS OF 
28-52.49N 048-21.63E."
,Daily Memo,,,"191056Z DEC 24
HYDROPAC 3849/24(62).
RED SEA.
SAUDI ARABIA.
DNC 10.
1. DERELICT M/V ISA STAR AGROUND 
   IN 18-26.00N 041-06.00E.
2. CANCEL HYDROPAC 3841/24."
,Daily Memo,,,"140734Z NOV 24
HYDROPAC 3535/24(91).
SOUTH CHINA SEA.
PHILIPPINES.
DNC 11.
CAPE SANTIAGO LIGHT 13-46.32N 120-39.18E
UNLIT."
,Daily Memo,,,"301232Z APR 24
HYDROPAC 1423/24(63).
ARABIAN SEA.
INDIA.
DNC 03.
1. DANGEROUS WRECK IN VICINITY 23-51.80N 067-20.90E.
2. CANCEL HYDROPAC 1414/24."
,Daily Memo,,,"071702Z APR 24
HYDROPAC 1114/24(62).
GULF OF OMAN.
IRAN.
DNC 10.
LATTICE BEACON 25-38.19N 057-45.86E
INOPERATIVE."
,Daily Memo,,,"180008Z MAR 24
HYDROPAC 894/24(91,92).
SIBUYAN SEA.
SOUTH CHINA SEA.
SULU SEA.
PHILIPPINES.
DNC 11.
1. PIPELINE OPERATIONS IN PROGRESS UNTIL FURTHER
   NOTICE IN VICINITY OF TRACKLINE JOINING
   11-38.57N 118-54.38E 11-37.75N 118-58.07E
   11-36.13N 119-00.28E 11-29.25N 119-09.63E
   11-40.18N 119-42.99E 11-37.71N 119-56.63E
   11-33.24N 120-06.25E 11-43.41N 120-26.00E
   11-47.18N 120-37.34E 12-08.67N 121-16.78E
   12-19.00N 121-32.46E 12-43.92N 121-42.06E
   13-00.61N 121-37.75E 13-08.31N 121-36.77E
   13-22.16N 121-20.65E 13-27.89N 121-13.39E
   13-26.91N 121-07.06E 13-34.51N 121-00.11E
   13-37.51N 121-00.48E 13-42.67N 121-03.05E.
   WIDE BERTH REQUESTED.
2. CANCEL HYDROPAC 425/24."
,Daily Memo,,,"191513Z FEB 24
HYDROPAC 582/24(62).
PERSIAN GULF.
U.A.E.
DNC 10.
PARTIALLY SUBMERGED WRECK 
IN VICINITY 25-11.64N 054-10.12E."
,Daily Memo,,,"080424Z FEB 24
HYDROPAC 462/24(83).
SOUTH PACIFIC.
TAHITI.
DNC 06.
POINTE VENUS LIGHT 17-29.70S 149-29.66W UNLIT."
,Daily Memo,,,"301517Z JAN 24
HYDROPAC 363/24(61).
REUNION.
DNC 02.
MRCC LA REUNION 21-06.00S 055-36.00E UNABLE
TO RECEIVE MF AND HF TRANSMISSIONS.
FOR ASSISTANCE CONTACT MRCC LA REUNION,
PHONE: 2622 6243 4343, E-MAIL: REUNION@MRCCFR.EU."
,Daily Memo,,,"251548Z JAN 24
HYDROPAC 311/24(62).
PERSIAN GULF.
KUWAIT.
DNC 10.
DANGEROUS WRECK MARKED BY BUOY IN 29-05.49N 048-22.09E."
,Daily Memo,,,"To receive Broadcast Warning messages via email, go to
msi.nga.mil and click on the 'NAVIGATION WARNINGS' button
under the 'Subscription Services' section.
The In-Force Navigational Warnings obtained via this
service and the availability of Navigational Warnings
via alternate NGA subscription services does not relieve
Masters / Captains of the requirement to receive
Navigational Warnings through IMO approved broadcast
services in accordance with the provisions of the
International Convention for the Safety of Life at
Sea (SOLAS). This information is provided as a
supplement to those approved services."
,Daily Memo,,,"161857Z SEP 26
HYDROARC 240/26.
BARENTS SEA.
RUSSIA.
1. MISSILE OPERATIONS 2100Z TO 1800Z DAILY
   21 THRU 24 SEP IN AREA BOUND BY
   72-52.25N 034-14.50E, 72-27.17N 037-59.50E,
   70-49.00N 036-34.00E, 69-42.50N 033-08.50E,
   69-47.00N 032-36.50E, 71-02.00N 032-21.25E.
2. CANCEL THIS MSG 251900Z SEP 26."
,Daily Memo,,,"161221Z SEP 26
HYDROARC 239/26.
KARA SEA.
RUSSIA.
DANGEROUS WRECK IN 70-58.65N 073-52.21E."
,Daily Memo,,,"160741Z SEP 26
HYDROARC 238/26.
BEAUFORT SEA.
CANADA.
1. LIGHT AT SHINGLE POINT 69-00.00N 137-34.00W
   INOPERATIVE.
2. CANCEL HYDROARC 198/22."
,Daily Memo,,,"160733Z SEP 26
HYDROARC 237/26.
BEAUFORT SEA.
CANADA.
1. LIGHT AT PITT ISLAND 69-09.00N 136-11.00W
   INOPERATIVE. 
2. CANCEL HYDROARC 145/25."
,Daily Memo,,,"160725Z SEP 26
HYDROARC 236/26.
BEAUFORT SEA.
CANADA.
1. RACON AND LIGHT AT PELLY ISLAND 
   69-37.00N 135-29.00W INOPERATIVE.
2. CANCEL HYDROARC 227/26."
,Daily Memo,,,"100023Z SEP 26
HYDROARC 233/26.
BARENTS SEA.
RUSSIA.
1. HAZARDOUS OPERATIONS 190600Z TO 191700Z SEP
   IN AREA BOUND BY
   69-43.10N 033-38.00E, 69-43.10N 034-10.80E,
   69-34.50N 034-10.80E, 69-34.50N 033-38.00E.
2. CANCEL THIS MSG 191800Z SEP 26."
,Daily Memo,,,"111443Z SEP 26
HYDROARC 229/26.
1. HYDROARC WARNINGS IN FORCE AS OF 111443Z SEP.
   ALL THE INFORCE WARNINGS ARE LISTED HERE.
   228/2026, 227/2026, 226/2026, 225/2026, 224/2026,
   223/2026, 222/2026, 221/2026, 218/2026, 212/2026,
   202/2026, 201/2026, 191/2026, 185/2026, 155/2026.
   178/2025, 175/2025, 148/2025, 145/2025, 103/2025.
   283/2024.
   163/2023.
   198/2022.
2. THE COMPLETE TEXT OF ALL IN-FORCE HYDROARC 
   BROADCAST WARNINGS ARE AVAILABLE ON THE NGA
   MARITIME SAFETY INFORMATION WEBSITE AT:
   MSI.NGA.MIL/NAVWARNINGS.
   ALTERNATIVELY, THESE MAY BE REQUESTED BY E-MAIL
   FROM NGA AT NAVSAFETY@NGA.MIL.
3. CANCEL HYDROARC 211/26."
,Daily Memo,,,"101300Z SEP 26
HYDROARC 228/26.
ARCTIC.
1. HAZARDOUS OPERATIONS, ROCKET LAUNCHING 
   0128Z TO 0244Z DAILY 15 SEP THRU 15 OCT
   IN AREA BOUND BY
   77-06.00N 161-35.00E, 76-42.00N 163-41.00E,
   81-06.00N 135-04.00W, 81-42.00N 134-18.00W.
2. CANCEL THIS MSG 150344Z OCT 26."
,Daily Memo,,,"101145Z SEP 26
HYDROARC 226/26.
BEAUFORT SEA.
CANADA.
RACON AT RELIEF ISLET 70-08.75N 130-49.67W INOPERATIVE."
,Daily Memo,,,"091737Z SEP 26
HYDROARC 225/26.
BARENTS SEA.
RUSSIA.
1. HAZARDOUS OPERATIONS 0600Z TO 1700Z
   DAILY 14 THRU 18 SEP IN AREA BOUND BY
   69-43.10N 033-38.00E, 69-43.10N 034-10.80E,
   69-34.50N 034-10.80E, 69-34.50N 033-38.00E.
2. CANCEL THIS MSG 181800Z SEP 26."
,Daily Memo,,,"082102Z SEP 26
HYDROARC 222/26.
NORWEGIAN SEA.
NORWAY.
1. GPS JAMMING EXERCISES 0600Z TO 1600Z
   DAILY 09 THRU 18 AND 1600Z TO 2000Z
   DAILY 15 AND 16 SEP IN AREA BOUND BY
   69-50.40N 013-42.00E, 69-49.80N 016-15.60E,
   69-07.20N 016-23.40E, 68-39.00N 013-25.80E.
2. CANCEL THIS MSG 181700Z SEP 26."
,Daily Memo,,,"070856Z SEP 26
HYDROARC 218/26.
KARA SEA.
RUSSIA.
SCIENTIFIC MOORINGS REPORTED IN: 
A. 67-17.87N 072-40.37E.
B. 67-20.38N 072-46.96E.
WIDE BERTH REQUESTED."
,Daily Memo,,,"020011Z SEP 26
HYDROARC 202/26.
DAVIS STRAIT.
CANADA.
SHOALS REPORTED IN: 
A. 68-16.14N 066-01.06W.
B. 68-15.59N 066-01.09W.
C. 68-15.29N 066-01.13W.
D. 68-13.73N 065-47.64W.
E. 68-12.84N 065-44.47W.
F. 68-12.62N 065-42.89W.
G. 68-12.93N 065-41.98W.
H. 68-12.63N 065-44.18W."
,Daily Memo,,,"280928Z AUG 26
HYDROARC 191/26.
NORWEGIAN SEA.
1. SURVEY OPERATIONS IN PROGRESS UNTIL 
   FURTHER NOTICE BY M/V AMAZON CONQUEROR
   TOWING 12 10000 METER LONG CABLES
   IN AREA BOUND BY
   65-40.80N 005-19.70E, 65-42.20N 006-52.30E,
   64-33.50N 006-04.80E, 64-32.70N 004-33.70E.
   SEVEN MILE BERTH REQUESTED.
2. CANCEL HYDROARC 190/26."
,Daily Memo,,,"251557Z AUG 26
HYDROARC 185/26.
ARCTIC OCEAN.
CANADA.
MCTS IQALUIT REMOTE STATION RESOLUTE
68-19.00N 133-35.00W 
MF AND HF R/T SERVICES OFF AIR."
,Daily Memo,,,"051258Z AUG 26
HYDROARC 155/26.
KARA SEA.
LAPTEV SEA.
RUSSIA.
1. CABLE OPERATIONS 10 AUG THRU 30 NOV
   BY M/V NORTON WAVE, CABLESHIP YAUZA,
   M/V SOPHIA, AND M/V SIRIUS
   ALONG TRACKLINE JOINING
   75-12.21N 074-39.20E, 76-09.92N 080-22.98E,
   76-23.62N 086-43.61E, 76-37.48N 091-21.17E,
   77-03.58N 094-34.27E, 77-38.01N 097-30.99E,
   77-46.25N 098-41.60E, 77-44.75N 099-54.39E,
   78-00.14N 105-56.61E, 77-56.46N 108-05.31E,
   77-14.76N 116-57.40E, 76-55.62N 124-22.09E,
   77-01.91N 129-04.97E, 75-59.97N 129-27.98E,
   73-48.97N 131-09.10E, 72-19.46N 131-10.33E,
   71-26.38N 130-36.24E, 71-23.82N 129-55.75E,
   71-36.55N 129-20.09E, 71-38.37N 128-53.33E.
   TWO MILE BERTH REQUESTED.
2. CANCEL THIS MSG 010001Z DEC 26."
,Daily Memo,,,"011116Z OCT 25
HYDROARC 178/25(15).
FRANKLIN STRAIT.
MCCLINTOCK CHANNEL.
CANADA.
DNC 28.
DEPTHS REPORTED: 
A. 29.3 METERS IN 71-22.82N 096-41.27W.
B. 26.6 METERS IN 71-22.05N 096-40.73W.
C. 11.3 METERS IN 71-21.53N 096-45.79W.
D. 11.3 METERS IN 71-21.20N 096-44.65W.
E. 28.4 METERS IN 71-20.59N 096-45.34W.
F. 28.35 METERS IN 71-18.28N 096-49.03W."
,Daily Memo,,,"292329Z SEP 25
HYDROARC 175/25(15).
MCCLINTOCK CHANNEL.
CANADA.
DNC 28.
33.6 METER DEPTH REPORTED IN 76-40.36N 102-16.62W."
,Daily Memo,,,"310015Z AUG 25
HYDROARC 148/25(15).
LANCASTER SOUND.
CANADA.
DNC 28.
13.6 METER DEPTH REPORTED IN 74-38.63N 091-20.54W."
,Daily Memo,,,"171751Z JUL 25
HYDROARC 103/25.
CANCELLED ELECTRONIC NAVIGATIONAL CHART (ENC) 
ADVISORY.
USERS OF NGA ENC PRODUCTS ARE ADVISED OF 
POTENTIAL UNINTENDED ECDIS BEHAVIOR WHEN 
PROCESSING CANCELLED CHARTS, INCLUDING 
REINSTALLATION OF RECENTLY CANCELLED CHARTS ON 
SOME SYSTEMS WITHOUT OBVIOUS ERROR OR 
WARNING MESSAGES.
NGA HAS CONFIRMED THIS ISSUE AFFECTS NAVY VMS 9.5 AND
RAYTHEON ANSCHUTZ SYNAPSIS NX SYSTEMS. THIS ISSUE DOES NOT
AFFECT NAVY ECDIS. OTHER SYSTEMS ARE CURRENTLY UNASSESSED.
USERS MAY REFERENCE NGA'S ENC CATALOG (GLOBAL 
OR REGIONAL PRODUCT LISTINGS) FOR A LIST OF 
CANCELLED CHARTS WHICH SHOULD BE UNINSTALLED 
FROM ECDIS.
NGA'S GLOBAL ENC CATALOG IS AVAILABLE ON
HTTPS://MCDP.NGA.MIL, WITH REGIONAL ENC PRODUCT 
LISTING SPREADSHEETS CONTAINED WITHIN EACH
REGION'S ZIP ON ESYNC, NGA'S WEBSITES, AND 
WORLDCOVER DVD.
USERS MAY FILTER PRODUCT LISTINGS FOR EDITION OF 
CXL AND SORT BY ISSUE DATE TO SEE MOST RECENT 
CANCELLATIONS.
CHARTS CANCELLED WITHIN THE LAST 90 DAYS ARE 
ACTIVELY DISSEMINATED BY NGA AND MOST LIKELY 
CANDIDATES FOR INADVERTENT REINSTALLATION.
NGA IS CONSULTING WITH THE USER COMMUNITY TO 
ASSESS POSSIBLE CHANGES TO THE CANCELLED CHART 
DISSEMINATION PROCESS TO MITIGATE THIS POTENTIAL
UNINTENDED ECDIS BEHAVIOR."
,Daily Memo,,,"170858Z DEC 24
HYDROARC 283/24(16).
BEAUFORT SEA.
CHUKCHI SEA.
ALASKA.
DNC 27.
SCIENTIFIC MOORINGS ESTABLISHED:
A. BCE-24, IN 71-40.40N 154-59.90W, 
   AT DEPTH 108 METERS, TOP FLOAT 20 METERS.
B. BCC-24, IN 71-44.10N 155-09.68W, 
   AT DEPTH 291 METERS, TOP FLOAT 21 METERS.
C. BCW-24, IN 71-47.80N 155-20.83W, 
   AT DEPTH 165 METERS, TOP FLOAT 40 METERS.
D. NAP-24T, IN 74-31.37N 161-56.19W,
   AT DEPTH 1680 METERS, TOP FLOAT 28 METERS."
,Daily Memo,,,"150429Z AUG 23
HYDROARC 163/23(15).
BEAUFORT SEA.
CANADA.
DNC 27.
RACON AT PULLEN ISLAND LIGHT
69-46.60N 134-24.40W INOPERATIVE."
,14,,,"Maritime Safety Information
                                You need to enable JavaScript to run this app."
,14,,,"Maritime Safety Information
                                You need to enable JavaScript to run this app."
,14,,,"Maritime Safety Information
                                You need to enable JavaScript to run this app."
,14,,,"Maritime Safety Information
                                You need to enable JavaScript to run this app."
,14,,,"Maritime Safety Information
                                You need to enable JavaScript to run this app."
